desk_id,org,parent_id
1,CEO,NA
2,Finance,1
3,Human Resources,1
4,Sales,1
5,Marketing,1
6,Legal,1
7,Technology,1
8,Strategy,1
9,Operations,1
10,Compliance,1
11,Fnnc - Accounting,2
12,Fnnc - Financial Planning,2
13,Fnnc - Control,2
14,Fnnc - Audit,2
15,Hmn Rsrcs - HR Analytics,3
16,Hmn Rsrcs - Employee Relations,3
17,Hmn Rsrcs - Employee Development,3
18,Hmn Rsrcs - HR Strategy,3
19,Mrktng - Communications,5
20,Mrktng - Marketing and Information Management,5
21,Mrktng - Marketing Distribution,5
22,Mrktng - Product Promotion,5
23,Sls - Product Development,4
24,Sls - North,4
25,Sls - South,4
26,Sls - East,4
27,Sls - West,4
28,Sls - Sales Analytics,4
29,Lgl - Product,6
30,Lgl - Worker Compensation,6
31,Lgl - Intellectual Property,6
32,Lgl - Regulatory,6
33,Lgl - General Counsel,6
34,Tchnlgy - Infrastructure,7
35,Tchnlgy - Systems,7
36,Tchnlgy - Hardware Support,7
37,Tchnlgy - Software,7
38,Tchnlgy - Phone and Online Assistance,7
39,Tchnlgy - Data Science,7
40,Strtgy - Vendor Relationships,8
41,Strtgy - Planning,8
42,Strtgy - Administration,8
43,Strtgy - Initiative Management,8
44,Oprtns - Customer Care,9
45,Oprtns - Production,9
46,Oprtns - Digital,9
47,Oprtns - Innovation,9
48,Oprtns - Project Services,9
49,Cmplnc - Risk,10
50,Cmplnc - Administration,10
51,Cmplnc - Solutions,10
52,Cmplnc - Control and Execution,10
53,Sls - Sth - Alabama,25
54,Sls - Wst - Alaska,27
55,Sls - Wst - Arizona,27
56,Sls - Sth - Arkansas,25
57,Sls - Wst - California,27
58,Sls - Wst - Colorado,27
59,Sls - Est - Delaware,26
60,Sls - Sth - Florida,25
61,Sls - Sth - Georgia,25
62,Sls - Nrth - Illinois,24
63,Sls - Nrth - Indiana,24
64,Sls - Nrth - Iowa,24
65,Sls - Sth - Louisiana,25
66,Sls - Est - Maine,26
67,Sls - Est - Maryland,26
68,Sls - Est - Massachusetts,26
69,Sls - Nrth - Michigan,24
70,Sls - Nrth - Minnesota,24
71,Sls - Sth - Mississippi,25
72,Sls - Sth - Missouri,25
73,Sls - Wst - Montana,27
74,Sls - Nrth - Nebraska,24
75,Sls - Wst - Nevada,27
76,Sls - Est - New Jersey,26
77,Sls - Est - New York,26
78,Sls - Sth - North Carolina,25
79,Sls - Wst - North Dakota,27
80,Sls - Nrth - Ohio,24
81,Sls - Sth - Oklahoma,25
82,Sls - Est - Pennsylvania,26
83,Sls - Est - Rhode Island,26
84,Sls - Sth - South Carolina,25
85,Sls - Nrth - South Dakota,24
86,Sls - Sth - Tennessee,25
87,Sls - Sth - Texas,25
88,Sls - Wst - Utah,27
89,Sls - Sth - Virginia,25
90,Sls - Nrth - Wisconsin,24
91,Sls - Wst - Wyoming,27
92,Fnnc - Accntng - PSI,11
93,Fnnc - Accntng - RAA,11
94,Fnnc - Accntng - Project Services,11
95,Fnnc - Fnncl Plnnng - PSI,12
96,Fnnc - Fnncl Plnnng - RAA,12
97,Fnnc - Fnncl Plnnng - Project Services,12
98,Fnnc - Cntrl - PSI,13
99,Fnnc - Cntrl - RAA,13
100,Fnnc - Cntrl - Project Services,13
101,Fnnc - Adt - PSI,14
102,Fnnc - Adt - RAA,14
103,Fnnc - Adt - Project Services,14
104,Hmn Rsrcs - HR Anlytcs - PSI,15
105,Hmn Rsrcs - HR Anlytcs - RAA,15
106,Hmn Rsrcs - HR Anlytcs - Project Services,15
107,Hmn Rsrcs - Emply Rltns - PSI,16
108,Hmn Rsrcs - Emply Rltns - RAA,16
109,Hmn Rsrcs - Emply Rltns - Project Services,16
110,Hmn Rsrcs - Emply Dvlpmnt - PSI,17
111,Hmn Rsrcs - Emply Dvlpmnt - RAA,17
112,Hmn Rsrcs - Emply Dvlpmnt - Project Services,17
113,Hmn Rsrcs - HR Strtgy - PSI,18
114,Hmn Rsrcs - HR Strtgy - RAA,18
115,Hmn Rsrcs - HR Strtgy - Project Services,18
116,Mrktng - Cmmnctns - PSI,19
117,Mrktng - Cmmnctns - RAA,19
118,Mrktng - Cmmnctns - Project Services,19
119,Mrktng - Mrktng nd Infrmtn Mngmnt - PSI,20
120,Mrktng - Mrktng nd Infrmtn Mngmnt - RAA,20
121,Mrktng - Mrktng nd Infrmtn Mngmnt - Project Services,20
122,Mrktng - Mrktng Dstrbtn - PSI,21
123,Mrktng - Mrktng Dstrbtn - RAA,21
124,Mrktng - Mrktng Dstrbtn - Project Services,21
125,Mrktng - Prdct Prmtn - PSI,22
126,Mrktng - Prdct Prmtn - RAA,22
127,Mrktng - Prdct Prmtn - Project Services,22
128,Sls - Prdct Dvlpmnt - PSI,23
129,Sls - Prdct Dvlpmnt - RAA,23
130,Sls - Prdct Dvlpmnt - Project Services,23
131,Sls - Sls Anlytcs - PSI,28
132,Sls - Sls Anlytcs - RAA,28
133,Sls - Sls Anlytcs - Project Services,28
134,Lgl - Prdct - PSI,29
135,Lgl - Prdct - RAA,29
136,Lgl - Prdct - Project Services,29
137,Lgl - Wrkr Cmpnstn - PSI,30
138,Lgl - Wrkr Cmpnstn - RAA,30
139,Lgl - Wrkr Cmpnstn - Project Services,30
140,Lgl - Intllctl Prprty - PSI,31
141,Lgl - Intllctl Prprty - RAA,31
142,Lgl - Intllctl Prprty - Project Services,31
143,Lgl - Rgltry - PSI,32
144,Lgl - Rgltry - RAA,32
145,Lgl - Rgltry - Project Services,32
146,Lgl - Gnrl Cnsl - PSI,33
147,Lgl - Gnrl Cnsl - RAA,33
148,Lgl - Gnrl Cnsl - Project Services,33
149,Tchnlgy - Infrstrctr - PSI,34
150,Tchnlgy - Infrstrctr - RAA,34
151,Tchnlgy - Infrstrctr - Project Services,34
152,Tchnlgy - Systms - PSI,35
153,Tchnlgy - Systms - RAA,35
154,Tchnlgy - Systms - Project Services,35
155,Tchnlgy - Hrdwr Spprt - PSI,36
156,Tchnlgy - Hrdwr Spprt - RAA,36
157,Tchnlgy - Hrdwr Spprt - Project Services,36
158,Tchnlgy - Sftwr - PSI,37
159,Tchnlgy - Sftwr - RAA,37
160,Tchnlgy - Sftwr - Project Services,37
161,Tchnlgy - Phn nd Onln Assstnc - PSI,38
162,Tchnlgy - Phn nd Onln Assstnc - RAA,38
163,Tchnlgy - Phn nd Onln Assstnc - Project Services,38
164,Tchnlgy - Dt Scnc - PSI,39
165,Tchnlgy - Dt Scnc - RAA,39
166,Tchnlgy - Dt Scnc - Project Services,39
167,Strtgy - Vndr Rltnshps - PSI,40
168,Strtgy - Vndr Rltnshps - RAA,40
169,Strtgy - Vndr Rltnshps - Project Services,40
170,Strtgy - Plnnng - PSI,41
171,Strtgy - Plnnng - RAA,41
172,Strtgy - Plnnng - Project Services,41
173,Strtgy - Admnstrtn - PSI,42
174,Strtgy - Admnstrtn - RAA,42
175,Strtgy - Admnstrtn - Project Services,42
176,Strtgy - Inttv Mngmnt - PSI,43
177,Strtgy - Inttv Mngmnt - RAA,43
178,Strtgy - Inttv Mngmnt - Project Services,43
179,Oprtns - Cstmr Cr - PSI,44
180,Oprtns - Cstmr Cr - RAA,44
181,Oprtns - Cstmr Cr - Project Services,44
182,Oprtns - Prdctn - PSI,45
183,Oprtns - Prdctn - RAA,45
184,Oprtns - Prdctn - Project Services,45
185,Oprtns - Dgtl - PSI,46
186,Oprtns - Dgtl - RAA,46
187,Oprtns - Dgtl - Project Services,46
188,Oprtns - Innvtn - PSI,47
189,Oprtns - Innvtn - RAA,47
190,Oprtns - Innvtn - Project Services,47
191,Oprtns - Prjct Srvcs - PSI,48
192,Oprtns - Prjct Srvcs - RAA,48
193,Oprtns - Prjct Srvcs - Project Services,48
194,Cmplnc - Rsk - PSI,49
195,Cmplnc - Rsk - RAA,49
196,Cmplnc - Rsk - Project Services,49
197,Cmplnc - Admnstrtn - PSI,50
198,Cmplnc - Admnstrtn - RAA,50
199,Cmplnc - Admnstrtn - Project Services,50
200,Cmplnc - Sltns - PSI,51
201,Cmplnc - Sltns - RAA,51
202,Cmplnc - Sltns - Project Services,51
203,Cmplnc - Cntrl nd Exctn - PSI,52
204,Cmplnc - Cntrl nd Exctn - RAA,52
205,Cmplnc - Cntrl nd Exctn - Project Services,52
206,Fnnc - Accntng - PSI - IC01,92
207,Fnnc - Accntng - PSI - IC02,92
208,Fnnc - Accntng - RAA - IC01,93
209,Fnnc - Accntng - RAA - IC02,93
210,Fnnc - Accntng - RAA - IC03,93
211,Fnnc - Accntng - RAA - IC04,93
212,Fnnc - Accntng - RAA - IC05,93
213,Fnnc - Accntng - RAA - IC06,93
214,Fnnc - Accntng - Project Services - IC01,94
215,Fnnc - Accntng - Project Services - IC02,94
216,Fnnc - Accntng - Project Services - IC03,94
217,Fnnc - Fnncl Plnnng - PSI - IC01,95
218,Fnnc - Fnncl Plnnng - PSI - IC02,95
219,Fnnc - Fnncl Plnnng - PSI - IC03,95
220,Fnnc - Fnncl Plnnng - PSI - IC04,95
221,Fnnc - Fnncl Plnnng - RAA - IC01,96
222,Fnnc - Fnncl Plnnng - RAA - IC02,96
223,Fnnc - Fnncl Plnnng - RAA - IC03,96
224,Fnnc - Fnncl Plnnng - RAA - IC04,96
225,Fnnc - Fnncl Plnnng - RAA - IC05,96
226,Fnnc - Fnncl Plnnng - RAA - IC06,96
227,Fnnc - Fnncl Plnnng - Project Services - IC01,97
228,Fnnc - Fnncl Plnnng - Project Services - IC02,97
229,Fnnc - Fnncl Plnnng - Project Services - IC03,97
230,Fnnc - Fnncl Plnnng - Project Services - IC04,97
231,Fnnc - Cntrl - PSI - IC01,98
232,Fnnc - Cntrl - PSI - IC02,98
233,Fnnc - Cntrl - RAA - IC01,99
234,Fnnc - Cntrl - RAA - IC02,99
235,Fnnc - Cntrl - RAA - IC03,99
236,Fnnc - Cntrl - RAA - IC04,99
237,Fnnc - Cntrl - RAA - IC05,99
238,Fnnc - Cntrl - RAA - IC06,99
239,Fnnc - Cntrl - Project Services - IC01,100
240,Fnnc - Cntrl - Project Services - IC02,100
241,Fnnc - Cntrl - Project Services - IC03,100
242,Fnnc - Cntrl - Project Services - IC04,100
243,Fnnc - Cntrl - Project Services - IC05,100
244,Fnnc - Cntrl - Project Services - IC06,100
245,Fnnc - Cntrl - Project Services - IC07,100
246,Fnnc - Cntrl - Project Services - IC08,100
247,Fnnc - Adt - PSI - IC01,101
248,Fnnc - Adt - PSI - IC02,101
249,Fnnc - Adt - PSI - IC03,101
250,Fnnc - Adt - PSI - IC04,101
251,Fnnc - Adt - PSI - IC05,101
252,Fnnc - Adt - PSI - IC06,101
253,Fnnc - Adt - PSI - IC07,101
254,Fnnc - Adt - PSI - IC08,101
255,Fnnc - Adt - RAA - IC01,102
256,Fnnc - Adt - RAA - IC02,102
257,Fnnc - Adt - RAA - IC03,102
258,Fnnc - Adt - RAA - IC04,102
259,Fnnc - Adt - RAA - IC05,102
260,Fnnc - Adt - Project Services - IC01,103
261,Fnnc - Adt - Project Services - IC02,103
262,Hmn Rsrcs - HR Anlytcs - PSI - IC01,104
263,Hmn Rsrcs - HR Anlytcs - PSI - IC02,104
264,Hmn Rsrcs - HR Anlytcs - PSI - IC03,104
265,Hmn Rsrcs - HR Anlytcs - PSI - IC04,104
266,Hmn Rsrcs - HR Anlytcs - RAA - IC01,105
267,Hmn Rsrcs - HR Anlytcs - RAA - IC02,105
268,Hmn Rsrcs - HR Anlytcs - RAA - IC03,105
269,Hmn Rsrcs - HR Anlytcs - RAA - IC04,105
270,Hmn Rsrcs - HR Anlytcs - RAA - IC05,105
271,Hmn Rsrcs - HR Anlytcs - RAA - IC06,105
272,Hmn Rsrcs - HR Anlytcs - RAA - IC07,105
273,Hmn Rsrcs - HR Anlytcs - Project Services - IC01,106
274,Hmn Rsrcs - HR Anlytcs - Project Services - IC02,106
275,Hmn Rsrcs - HR Anlytcs - Project Services - IC03,106
276,Hmn Rsrcs - HR Anlytcs - Project Services - IC04,106
277,Hmn Rsrcs - HR Anlytcs - Project Services - IC05,106
278,Hmn Rsrcs - HR Anlytcs - Project Services - IC06,106
279,Hmn Rsrcs - HR Anlytcs - Project Services - IC07,106
280,Hmn Rsrcs - HR Anlytcs - Project Services - IC08,106
281,Hmn Rsrcs - HR Anlytcs - Project Services - IC09,106
282,Hmn Rsrcs - Emply Rltns - PSI - IC01,107
283,Hmn Rsrcs - Emply Rltns - PSI - IC02,107
284,Hmn Rsrcs - Emply Rltns - RAA - IC01,108
285,Hmn Rsrcs - Emply Rltns - RAA - IC02,108
286,Hmn Rsrcs - Emply Rltns - RAA - IC03,108
287,Hmn Rsrcs - Emply Rltns - RAA - IC04,108
288,Hmn Rsrcs - Emply Rltns - RAA - IC05,108
289,Hmn Rsrcs - Emply Rltns - RAA - IC06,108
290,Hmn Rsrcs - Emply Rltns - RAA - IC07,108
291,Hmn Rsrcs - Emply Rltns - RAA - IC08,108
292,Hmn Rsrcs - Emply Rltns - Project Services - IC01,109
293,Hmn Rsrcs - Emply Rltns - Project Services - IC02,109
294,Hmn Rsrcs - Emply Rltns - Project Services - IC03,109
295,Hmn Rsrcs - Emply Rltns - Project Services - IC04,109
296,Hmn Rsrcs - Emply Rltns - Project Services - IC05,109
297,Hmn Rsrcs - Emply Dvlpmnt - PSI - IC01,110
298,Hmn Rsrcs - Emply Dvlpmnt - PSI - IC02,110
299,Hmn Rsrcs - Emply Dvlpmnt - PSI - IC03,110
300,Hmn Rsrcs - Emply Dvlpmnt - PSI - IC04,110
301,Hmn Rsrcs - Emply Dvlpmnt - PSI - IC05,110
302,Hmn Rsrcs - Emply Dvlpmnt - PSI - IC06,110
303,Hmn Rsrcs - Emply Dvlpmnt - PSI - IC07,110
304,Hmn Rsrcs - Emply Dvlpmnt - PSI - IC08,110
305,Hmn Rsrcs - Emply Dvlpmnt - PSI - IC09,110
306,Hmn Rsrcs - Emply Dvlpmnt - RAA - IC01,111
307,Hmn Rsrcs - Emply Dvlpmnt - RAA - IC02,111
308,Hmn Rsrcs - Emply Dvlpmnt - RAA - IC03,111
309,Hmn Rsrcs - Emply Dvlpmnt - RAA - IC04,111
310,Hmn Rsrcs - Emply Dvlpmnt - Project Services - IC01,112
311,Hmn Rsrcs - Emply Dvlpmnt - Project Services - IC02,112
312,Hmn Rsrcs - Emply Dvlpmnt - Project Services - IC03,112
313,Hmn Rsrcs - Emply Dvlpmnt - Project Services - IC04,112
314,Hmn Rsrcs - Emply Dvlpmnt - Project Services - IC05,112
315,Hmn Rsrcs - Emply Dvlpmnt - Project Services - IC06,112
316,Hmn Rsrcs - Emply Dvlpmnt - Project Services - IC07,112
317,Hmn Rsrcs - Emply Dvlpmnt - Project Services - IC08,112
318,Hmn Rsrcs - Emply Dvlpmnt - Project Services - IC09,112
319,Hmn Rsrcs - Emply Dvlpmnt - Project Services - IC10,112
320,Hmn Rsrcs - HR Strtgy - PSI - IC01,113
321,Hmn Rsrcs - HR Strtgy - PSI - IC02,113
322,Hmn Rsrcs - HR Strtgy - PSI - IC03,113
323,Hmn Rsrcs - HR Strtgy - PSI - IC04,113
324,Hmn Rsrcs - HR Strtgy - PSI - IC05,113
325,Hmn Rsrcs - HR Strtgy - PSI - IC06,113
326,Hmn Rsrcs - HR Strtgy - PSI - IC07,113
327,Hmn Rsrcs - HR Strtgy - PSI - IC08,113
328,Hmn Rsrcs - HR Strtgy - PSI - IC09,113
329,Hmn Rsrcs - HR Strtgy - PSI - IC10,113
330,Hmn Rsrcs - HR Strtgy - PSI - IC11,113
331,Hmn Rsrcs - HR Strtgy - PSI - IC12,113
332,Hmn Rsrcs - HR Strtgy - RAA - IC01,114
333,Hmn Rsrcs - HR Strtgy - RAA - IC02,114
334,Hmn Rsrcs - HR Strtgy - RAA - IC03,114
335,Hmn Rsrcs - HR Strtgy - RAA - IC04,114
336,Hmn Rsrcs - HR Strtgy - RAA - IC05,114
337,Hmn Rsrcs - HR Strtgy - RAA - IC06,114
338,Hmn Rsrcs - HR Strtgy - RAA - IC07,114
339,Hmn Rsrcs - HR Strtgy - RAA - IC08,114
340,Hmn Rsrcs - HR Strtgy - RAA - IC09,114
341,Hmn Rsrcs - HR Strtgy - RAA - IC10,114
342,Hmn Rsrcs - HR Strtgy - RAA - IC11,114
343,Hmn Rsrcs - HR Strtgy - RAA - IC12,114
344,Hmn Rsrcs - HR Strtgy - RAA - IC13,114
345,Hmn Rsrcs - HR Strtgy - RAA - IC14,114
346,Hmn Rsrcs - HR Strtgy - Project Services - IC01,115
347,Hmn Rsrcs - HR Strtgy - Project Services - IC02,115
348,Hmn Rsrcs - HR Strtgy - Project Services - IC03,115
349,Hmn Rsrcs - HR Strtgy - Project Services - IC04,115
350,Hmn Rsrcs - HR Strtgy - Project Services - IC05,115
351,Hmn Rsrcs - HR Strtgy - Project Services - IC06,115
352,Hmn Rsrcs - HR Strtgy - Project Services - IC07,115
353,Hmn Rsrcs - HR Strtgy - Project Services - IC08,115
354,Hmn Rsrcs - HR Strtgy - Project Services - IC09,115
355,Hmn Rsrcs - HR Strtgy - Project Services - IC10,115
356,Hmn Rsrcs - HR Strtgy - Project Services - IC11,115
357,Hmn Rsrcs - HR Strtgy - Project Services - IC12,115
358,Hmn Rsrcs - HR Strtgy - Project Services - IC13,115
359,Hmn Rsrcs - HR Strtgy - Project Services - IC14,115
360,Hmn Rsrcs - HR Strtgy - Project Services - IC15,115
361,Hmn Rsrcs - HR Strtgy - Project Services - IC16,115
362,Hmn Rsrcs - HR Strtgy - Project Services - IC17,115
363,Hmn Rsrcs - HR Strtgy - Project Services - IC18,115
364,Sls - Prdct Dvlpmnt - PSI - IC01,128
365,Sls - Prdct Dvlpmnt - PSI - IC02,128
366,Sls - Prdct Dvlpmnt - PSI - IC03,128
367,Sls - Prdct Dvlpmnt - PSI - IC04,128
368,Sls - Prdct Dvlpmnt - PSI - IC05,128
369,Sls - Prdct Dvlpmnt - PSI - IC06,128
370,Sls - Prdct Dvlpmnt - PSI - IC07,128
371,Sls - Prdct Dvlpmnt - PSI - IC08,128
372,Sls - Prdct Dvlpmnt - PSI - IC09,128
373,Sls - Prdct Dvlpmnt - RAA - IC01,129
374,Sls - Prdct Dvlpmnt - RAA - IC02,129
375,Sls - Prdct Dvlpmnt - RAA - IC03,129
376,Sls - Prdct Dvlpmnt - RAA - IC04,129
377,Sls - Prdct Dvlpmnt - RAA - IC05,129
378,Sls - Prdct Dvlpmnt - RAA - IC06,129
379,Sls - Prdct Dvlpmnt - RAA - IC07,129
380,Sls - Prdct Dvlpmnt - RAA - IC08,129
381,Sls - Prdct Dvlpmnt - RAA - IC09,129
382,Sls - Prdct Dvlpmnt - RAA - IC10,129
383,Sls - Prdct Dvlpmnt - RAA - IC11,129
384,Sls - Prdct Dvlpmnt - RAA - IC12,129
385,Sls - Prdct Dvlpmnt - RAA - IC13,129
386,Sls - Prdct Dvlpmnt - RAA - IC14,129
387,Sls - Prdct Dvlpmnt - RAA - IC15,129
388,Sls - Prdct Dvlpmnt - RAA - IC16,129
389,Sls - Prdct Dvlpmnt - RAA - IC17,129
390,Sls - Prdct Dvlpmnt - RAA - IC18,129
391,Sls - Prdct Dvlpmnt - Project Services - IC01,130
392,Sls - Prdct Dvlpmnt - Project Services - IC02,130
393,Sls - Prdct Dvlpmnt - Project Services - IC03,130
394,Sls - Prdct Dvlpmnt - Project Services - IC04,130
395,Sls - Prdct Dvlpmnt - Project Services - IC05,130
396,Sls - Prdct Dvlpmnt - Project Services - IC06,130
397,Sls - Prdct Dvlpmnt - Project Services - IC07,130
398,Sls - Prdct Dvlpmnt - Project Services - IC08,130
399,Sls - Prdct Dvlpmnt - Project Services - IC09,130
400,Sls - Prdct Dvlpmnt - Project Services - IC10,130
401,Sls - Prdct Dvlpmnt - Project Services - IC11,130
402,Sls - Prdct Dvlpmnt - Project Services - IC12,130
403,Sls - Nrth - Illinois - IC01,62
404,Sls - Nrth - Illinois - IC02,62
405,Sls - Nrth - Illinois - IC03,62
406,Sls - Nrth - Illinois - IC04,62
407,Sls - Nrth - Illinois - IC05,62
408,Sls - Nrth - Illinois - IC06,62
409,Sls - Nrth - Illinois - IC07,62
410,Sls - Nrth - Illinois - IC08,62
411,Sls - Nrth - Indiana - IC01,63
412,Sls - Nrth - Indiana - IC02,63
413,Sls - Nrth - Indiana - IC03,63
414,Sls - Nrth - Indiana - IC04,63
415,Sls - Nrth - Indiana - IC05,63
416,Sls - Nrth - Indiana - IC06,63
417,Sls - Nrth - Indiana - IC07,63
418,Sls - Nrth - Indiana - IC08,63
419,Sls - Nrth - Iowa - IC01,64
420,Sls - Nrth - Iowa - IC02,64
421,Sls - Nrth - Iowa - IC03,64
422,Sls - Nrth - Iowa - IC04,64
423,Sls - Nrth - Iowa - IC05,64
424,Sls - Nrth - Iowa - IC06,64
425,Sls - Nrth - Iowa - IC07,64
426,Sls - Nrth - Iowa - IC08,64
427,Sls - Nrth - Iowa - IC09,64
428,Sls - Nrth - Michigan - IC01,69
429,Sls - Nrth - Michigan - IC02,69
430,Sls - Nrth - Michigan - IC03,69
431,Sls - Nrth - Michigan - IC04,69
432,Sls - Nrth - Michigan - IC05,69
433,Sls - Nrth - Michigan - IC06,69
434,Sls - Nrth - Michigan - IC07,69
435,Sls - Nrth - Michigan - IC08,69
436,Sls - Nrth - Michigan - IC09,69
437,Sls - Nrth - Michigan - IC10,69
438,Sls - Nrth - Michigan - IC11,69
439,Sls - Nrth - Michigan - IC12,69
440,Sls - Nrth - Minnesota - IC01,70
441,Sls - Nrth - Minnesota - IC02,70
442,Sls - Nrth - Minnesota - IC03,70
443,Sls - Nrth - Minnesota - IC04,70
444,Sls - Nrth - Minnesota - IC05,70
445,Sls - Nrth - Minnesota - IC06,70
446,Sls - Nrth - Minnesota - IC07,70
447,Sls - Nrth - Minnesota - IC08,70
448,Sls - Nrth - Minnesota - IC09,70
449,Sls - Nrth - Minnesota - IC10,70
450,Sls - Nrth - Minnesota - IC11,70
451,Sls - Nrth - Minnesota - IC12,70
452,Sls - Nrth - Nebraska - IC01,74
453,Sls - Nrth - Nebraska - IC02,74
454,Sls - Nrth - Nebraska - IC03,74
455,Sls - Nrth - Nebraska - IC04,74
456,Sls - Nrth - Nebraska - IC05,74
457,Sls - Nrth - Nebraska - IC06,74
458,Sls - Nrth - Nebraska - IC07,74
459,Sls - Nrth - Ohio - IC01,80
460,Sls - Nrth - Ohio - IC02,80
461,Sls - Nrth - Ohio - IC03,80
462,Sls - Nrth - Ohio - IC04,80
463,Sls - Nrth - Ohio - IC05,80
464,Sls - Nrth - Ohio - IC06,80
465,Sls - Nrth - Ohio - IC07,80
466,Sls - Nrth - Ohio - IC08,80
467,Sls - Nrth - Ohio - IC09,80
468,Sls - Nrth - South Dakota - IC01,85
469,Sls - Nrth - South Dakota - IC02,85
470,Sls - Nrth - South Dakota - IC03,85
471,Sls - Nrth - South Dakota - IC04,85
472,Sls - Nrth - South Dakota - IC05,85
473,Sls - Nrth - South Dakota - IC06,85
474,Sls - Nrth - South Dakota - IC07,85
475,Sls - Nrth - South Dakota - IC08,85
476,Sls - Nrth - South Dakota - IC09,85
477,Sls - Nrth - South Dakota - IC10,85
478,Sls - Nrth - Wisconsin - IC01,90
479,Sls - Nrth - Wisconsin - IC02,90
480,Sls - Nrth - Wisconsin - IC03,90
481,Sls - Nrth - Wisconsin - IC04,90
482,Sls - Nrth - Wisconsin - IC05,90
483,Sls - Nrth - Wisconsin - IC06,90
484,Sls - Nrth - Wisconsin - IC07,90
485,Sls - Nrth - Wisconsin - IC08,90
486,Sls - Sth - Alabama - IC01,53
487,Sls - Sth - Alabama - IC02,53
488,Sls - Sth - Alabama - IC03,53
489,Sls - Sth - Alabama - IC04,53
490,Sls - Sth - Alabama - IC05,53
491,Sls - Sth - Alabama - IC06,53
492,Sls - Sth - Alabama - IC07,53
493,Sls - Sth - Alabama - IC08,53
494,Sls - Sth - Alabama - IC09,53
495,Sls - Sth - Arkansas - IC01,56
496,Sls - Sth - Arkansas - IC02,56
497,Sls - Sth - Arkansas - IC03,56
498,Sls - Sth - Arkansas - IC04,56
499,Sls - Sth - Arkansas - IC05,56
500,Sls - Sth - Arkansas - IC06,56
501,Sls - Sth - Arkansas - IC07,56
502,Sls - Sth - Arkansas - IC08,56
503,Sls - Sth - Florida - IC01,60
504,Sls - Sth - Florida - IC02,60
505,Sls - Sth - Florida - IC03,60
506,Sls - Sth - Florida - IC04,60
507,Sls - Sth - Florida - IC05,60
508,Sls - Sth - Florida - IC06,60
509,Sls - Sth - Florida - IC07,60
510,Sls - Sth - Florida - IC08,60
511,Sls - Sth - Florida - IC09,60
512,Sls - Sth - Florida - IC10,60
513,Sls - Sth - Florida - IC11,60
514,Sls - Sth - Florida - IC12,60
515,Sls - Sth - Florida - IC13,60
516,Sls - Sth - Florida - IC14,60
517,Sls - Sth - Florida - IC15,60
518,Sls - Sth - Georgia - IC01,61
519,Sls - Sth - Georgia - IC02,61
520,Sls - Sth - Georgia - IC03,61
521,Sls - Sth - Georgia - IC04,61
522,Sls - Sth - Georgia - IC05,61
523,Sls - Sth - Georgia - IC06,61
524,Sls - Sth - Georgia - IC07,61
525,Sls - Sth - Georgia - IC08,61
526,Sls - Sth - Georgia - IC09,61
527,Sls - Sth - Georgia - IC10,61
528,Sls - Sth - Georgia - IC11,61
529,Sls - Sth - Louisiana - IC01,65
530,Sls - Sth - Louisiana - IC02,65
531,Sls - Sth - Louisiana - IC03,65
532,Sls - Sth - Louisiana - IC04,65
533,Sls - Sth - Louisiana - IC05,65
534,Sls - Sth - Louisiana - IC06,65
535,Sls - Sth - Mississippi - IC01,71
536,Sls - Sth - Mississippi - IC02,71
537,Sls - Sth - Mississippi - IC03,71
538,Sls - Sth - Mississippi - IC04,71
539,Sls - Sth - Mississippi - IC05,71
540,Sls - Sth - Mississippi - IC06,71
541,Sls - Sth - Mississippi - IC07,71
542,Sls - Sth - Mississippi - IC08,71
543,Sls - Sth - Mississippi - IC09,71
544,Sls - Sth - Mississippi - IC10,71
545,Sls - Sth - Missouri - IC01,72
546,Sls - Sth - Missouri - IC02,72
547,Sls - Sth - Missouri - IC03,72
548,Sls - Sth - Missouri - IC04,72
549,Sls - Sth - Missouri - IC05,72
550,Sls - Sth - Missouri - IC06,72
551,Sls - Sth - Missouri - IC07,72
552,Sls - Sth - Missouri - IC08,72
553,Sls - Sth - Missouri - IC09,72
554,Sls - Sth - Missouri - IC10,72
555,Sls - Sth - North Carolina - IC01,78
556,Sls - Sth - North Carolina - IC02,78
557,Sls - Sth - North Carolina - IC03,78
558,Sls - Sth - North Carolina - IC04,78
559,Sls - Sth - North Carolina - IC05,78
560,Sls - Sth - North Carolina - IC06,78
561,Sls - Sth - North Carolina - IC07,78
562,Sls - Sth - North Carolina - IC08,78
563,Sls - Sth - Oklahoma - IC01,81
564,Sls - Sth - Oklahoma - IC02,81
565,Sls - Sth - Oklahoma - IC03,81
566,Sls - Sth - Oklahoma - IC04,81
567,Sls - Sth - Oklahoma - IC05,81
568,Sls - Sth - Oklahoma - IC06,81
569,Sls - Sth - Oklahoma - IC07,81
570,Sls - Sth - South Carolina - IC01,84
571,Sls - Sth - South Carolina - IC02,84
572,Sls - Sth - South Carolina - IC03,84
573,Sls - Sth - South Carolina - IC04,84
574,Sls - Sth - South Carolina - IC05,84
575,Sls - Sth - South Carolina - IC06,84
576,Sls - Sth - South Carolina - IC07,84
577,Sls - Sth - South Carolina - IC08,84
578,Sls - Sth - South Carolina - IC09,84
579,Sls - Sth - Tennessee - IC01,86
580,Sls - Sth - Tennessee - IC02,86
581,Sls - Sth - Tennessee - IC03,86
582,Sls - Sth - Tennessee - IC04,86
583,Sls - Sth - Tennessee - IC05,86
584,Sls - Sth - Tennessee - IC06,86
585,Sls - Sth - Tennessee - IC07,86
586,Sls - Sth - Texas - IC01,87
587,Sls - Sth - Texas - IC02,87
588,Sls - Sth - Texas - IC03,87
589,Sls - Sth - Texas - IC04,87
590,Sls - Sth - Texas - IC05,87
591,Sls - Sth - Texas - IC06,87
592,Sls - Sth - Texas - IC07,87
593,Sls - Sth - Texas - IC08,87
594,Sls - Sth - Texas - IC09,87
595,Sls - Sth - Texas - IC10,87
596,Sls - Sth - Texas - IC11,87
597,Sls - Sth - Texas - IC12,87
598,Sls - Sth - Texas - IC13,87
599,Sls - Sth - Texas - IC14,87
600,Sls - Sth - Texas - IC15,87
601,Sls - Sth - Texas - IC16,87
602,Sls - Sth - Texas - IC17,87
603,Sls - Sth - Texas - IC18,87
604,Sls - Sth - Texas - IC19,87
605,Sls - Sth - Virginia - IC01,89
606,Sls - Sth - Virginia - IC02,89
607,Sls - Sth - Virginia - IC03,89
608,Sls - Sth - Virginia - IC04,89
609,Sls - Sth - Virginia - IC05,89
610,Sls - Sth - Virginia - IC06,89
611,Sls - Sth - Virginia - IC07,89
612,Sls - Sth - Virginia - IC08,89
613,Sls - Sth - Virginia - IC09,89
614,Sls - Sth - Virginia - IC10,89
615,Sls - Sth - Virginia - IC11,89
616,Sls - Sth - Virginia - IC12,89
617,Sls - Est - Delaware - IC01,59
618,Sls - Est - Delaware - IC02,59
619,Sls - Est - Delaware - IC03,59
620,Sls - Est - Delaware - IC04,59
621,Sls - Est - Delaware - IC05,59
622,Sls - Est - Delaware - IC06,59
623,Sls - Est - Delaware - IC07,59
624,Sls - Est - Delaware - IC08,59
625,Sls - Est - Maine - IC01,66
626,Sls - Est - Maine - IC02,66
627,Sls - Est - Maine - IC03,66
628,Sls - Est - Maine - IC04,66
629,Sls - Est - Maine - IC05,66
630,Sls - Est - Maine - IC06,66
631,Sls - Est - Maine - IC07,66
632,Sls - Est - Maine - IC08,66
633,Sls - Est - Maine - IC09,66
634,Sls - Est - Maryland - IC01,67
635,Sls - Est - Maryland - IC02,67
636,Sls - Est - Maryland - IC03,67
637,Sls - Est - Maryland - IC04,67
638,Sls - Est - Maryland - IC05,67
639,Sls - Est - Maryland - IC06,67
640,Sls - Est - Maryland - IC07,67
641,Sls - Est - Maryland - IC08,67
642,Sls - Est - Massachusetts - IC01,68
643,Sls - Est - Massachusetts - IC02,68
644,Sls - Est - Massachusetts - IC03,68
645,Sls - Est - Massachusetts - IC04,68
646,Sls - Est - Massachusetts - IC05,68
647,Sls - Est - Massachusetts - IC06,68
648,Sls - Est - Massachusetts - IC07,68
649,Sls - Est - Massachusetts - IC08,68
650,Sls - Est - Massachusetts - IC09,68
651,Sls - Est - Massachusetts - IC10,68
652,Sls - Est - Massachusetts - IC11,68
653,Sls - Est - Massachusetts - IC12,68
654,Sls - Est - New Jersey - IC01,76
655,Sls - Est - New Jersey - IC02,76
656,Sls - Est - New Jersey - IC03,76
657,Sls - Est - New Jersey - IC04,76
658,Sls - Est - New Jersey - IC05,76
659,Sls - Est - New Jersey - IC06,76
660,Sls - Est - New Jersey - IC07,76
661,Sls - Est - New Jersey - IC08,76
662,Sls - Est - New Jersey - IC09,76
663,Sls - Est - New Jersey - IC10,76
664,Sls - Est - New York - IC01,77
665,Sls - Est - New York - IC02,77
666,Sls - Est - New York - IC03,77
667,Sls - Est - New York - IC04,77
668,Sls - Est - New York - IC05,77
669,Sls - Est - New York - IC06,77
670,Sls - Est - New York - IC07,77
671,Sls - Est - New York - IC08,77
672,Sls - Est - New York - IC09,77
673,Sls - Est - New York - IC10,77
674,Sls - Est - New York - IC11,77
675,Sls - Est - New York - IC12,77
676,Sls - Est - New York - IC13,77
677,Sls - Est - Pennsylvania - IC01,82
678,Sls - Est - Pennsylvania - IC02,82
679,Sls - Est - Pennsylvania - IC03,82
680,Sls - Est - Pennsylvania - IC04,82
681,Sls - Est - Pennsylvania - IC05,82
682,Sls - Est - Pennsylvania - IC06,82
683,Sls - Est - Pennsylvania - IC07,82
684,Sls - Est - Rhode Island - IC01,83
685,Sls - Est - Rhode Island - IC02,83
686,Sls - Est - Rhode Island - IC03,83
687,Sls - Est - Rhode Island - IC04,83
688,Sls - Est - Rhode Island - IC05,83
689,Sls - Est - Rhode Island - IC06,83
690,Sls - Est - Rhode Island - IC07,83
691,Sls - Wst - Alaska - IC01,54
692,Sls - Wst - Alaska - IC02,54
693,Sls - Wst - Alaska - IC03,54
694,Sls - Wst - Alaska - IC04,54
695,Sls - Wst - Alaska - IC05,54
696,Sls - Wst - Alaska - IC06,54
697,Sls - Wst - Alaska - IC07,54
698,Sls - Wst - Alaska - IC08,54
699,Sls - Wst - Arizona - IC01,55
700,Sls - Wst - Arizona - IC02,55
701,Sls - Wst - Arizona - IC03,55
702,Sls - Wst - Arizona - IC04,55
703,Sls - Wst - Arizona - IC05,55
704,Sls - Wst - Arizona - IC06,55
705,Sls - Wst - Arizona - IC07,55
706,Sls - Wst - Arizona - IC08,55
707,Sls - Wst - Arizona - IC09,55
708,Sls - Wst - Arizona - IC10,55
709,Sls - Wst - California - IC01,57
710,Sls - Wst - California - IC02,57
711,Sls - Wst - California - IC03,57
712,Sls - Wst - California - IC04,57
713,Sls - Wst - California - IC05,57
714,Sls - Wst - California - IC06,57
715,Sls - Wst - California - IC07,57
716,Sls - Wst - California - IC08,57
717,Sls - Wst - California - IC09,57
718,Sls - Wst - California - IC10,57
719,Sls - Wst - California - IC11,57
720,Sls - Wst - California - IC12,57
721,Sls - Wst - California - IC13,57
722,Sls - Wst - California - IC14,57
723,Sls - Wst - California - IC15,57
724,Sls - Wst - California - IC16,57
725,Sls - Wst - California - IC17,57
726,Sls - Wst - Colorado - IC01,58
727,Sls - Wst - Colorado - IC02,58
728,Sls - Wst - Colorado - IC03,58
729,Sls - Wst - Colorado - IC04,58
730,Sls - Wst - Colorado - IC05,58
731,Sls - Wst - Colorado - IC06,58
732,Sls - Wst - Colorado - IC07,58
733,Sls - Wst - Colorado - IC08,58
734,Sls - Wst - Colorado - IC09,58
735,Sls - Wst - Colorado - IC10,58
736,Sls - Wst - Montana - IC01,73
737,Sls - Wst - Montana - IC02,73
738,Sls - Wst - Montana - IC03,73
739,Sls - Wst - Montana - IC04,73
740,Sls - Wst - Montana - IC05,73
741,Sls - Wst - Montana - IC06,73
742,Sls - Wst - Nevada - IC01,75
743,Sls - Wst - Nevada - IC02,75
744,Sls - Wst - Nevada - IC03,75
745,Sls - Wst - Nevada - IC04,75
746,Sls - Wst - Nevada - IC05,75
747,Sls - Wst - Nevada - IC06,75
748,Sls - Wst - Nevada - IC07,75
749,Sls - Wst - Nevada - IC08,75
750,Sls - Wst - Nevada - IC09,75
751,Sls - Wst - Nevada - IC10,75
752,Sls - Wst - Nevada - IC11,75
753,Sls - Wst - North Dakota - IC01,79
754,Sls - Wst - North Dakota - IC02,79
755,Sls - Wst - North Dakota - IC03,79
756,Sls - Wst - North Dakota - IC04,79
757,Sls - Wst - North Dakota - IC05,79
758,Sls - Wst - North Dakota - IC06,79
759,Sls - Wst - North Dakota - IC07,79
760,Sls - Wst - North Dakota - IC08,79
761,Sls - Wst - Utah - IC01,88
762,Sls - Wst - Utah - IC02,88
763,Sls - Wst - Utah - IC03,88
764,Sls - Wst - Utah - IC04,88
765,Sls - Wst - Utah - IC05,88
766,Sls - Wst - Utah - IC06,88
767,Sls - Wst - Utah - IC07,88
768,Sls - Wst - Wyoming - IC01,91
769,Sls - Wst - Wyoming - IC02,91
770,Sls - Wst - Wyoming - IC03,91
771,Sls - Wst - Wyoming - IC04,91
772,Sls - Wst - Wyoming - IC05,91
773,Sls - Wst - Wyoming - IC06,91
774,Sls - Sls Anlytcs - PSI - IC01,131
775,Sls - Sls Anlytcs - PSI - IC02,131
776,Sls - Sls Anlytcs - PSI - IC03,131
777,Sls - Sls Anlytcs - PSI - IC04,131
778,Sls - Sls Anlytcs - PSI - IC05,131
779,Sls - Sls Anlytcs - PSI - IC06,131
780,Sls - Sls Anlytcs - PSI - IC07,131
781,Sls - Sls Anlytcs - PSI - IC08,131
782,Sls - Sls Anlytcs - PSI - IC09,131
783,Sls - Sls Anlytcs - PSI - IC10,131
784,Sls - Sls Anlytcs - PSI - IC11,131
785,Sls - Sls Anlytcs - RAA - IC01,132
786,Sls - Sls Anlytcs - RAA - IC02,132
787,Sls - Sls Anlytcs - RAA - IC03,132
788,Sls - Sls Anlytcs - RAA - IC04,132
789,Sls - Sls Anlytcs - RAA - IC05,132
790,Sls - Sls Anlytcs - RAA - IC06,132
791,Sls - Sls Anlytcs - RAA - IC07,132
792,Sls - Sls Anlytcs - Project Services - IC01,133
793,Sls - Sls Anlytcs - Project Services - IC02,133
794,Sls - Sls Anlytcs - Project Services - IC03,133
795,Sls - Sls Anlytcs - Project Services - IC04,133
796,Sls - Sls Anlytcs - Project Services - IC05,133
797,Sls - Sls Anlytcs - Project Services - IC06,133
798,Sls - Sls Anlytcs - Project Services - IC07,133
799,Sls - Sls Anlytcs - Project Services - IC08,133
800,Mrktng - Cmmnctns - PSI - IC01,116
801,Mrktng - Cmmnctns - PSI - IC02,116
802,Mrktng - Cmmnctns - RAA - IC01,117
803,Mrktng - Cmmnctns - RAA - IC02,117
804,Mrktng - Cmmnctns - Project Services - IC01,118
805,Mrktng - Cmmnctns - Project Services - IC02,118
806,Mrktng - Mrktng nd Infrmtn Mngmnt - PSI - IC01,119
807,Mrktng - Mrktng nd Infrmtn Mngmnt - PSI - IC02,119
808,Mrktng - Mrktng nd Infrmtn Mngmnt - RAA - IC01,120
809,Mrktng - Mrktng nd Infrmtn Mngmnt - RAA - IC02,120
810,Mrktng - Mrktng nd Infrmtn Mngmnt - Project Services - IC01,121
811,Mrktng - Mrktng nd Infrmtn Mngmnt - Project Services - IC02,121
812,Mrktng - Mrktng Dstrbtn - PSI - IC01,122
813,Mrktng - Mrktng Dstrbtn - PSI - IC02,122
814,Mrktng - Mrktng Dstrbtn - PSI - IC03,122
815,Mrktng - Mrktng Dstrbtn - PSI - IC04,122
816,Mrktng - Mrktng Dstrbtn - PSI - IC05,122
817,Mrktng - Mrktng Dstrbtn - PSI - IC06,122
818,Mrktng - Mrktng Dstrbtn - PSI - IC07,122
819,Mrktng - Mrktng Dstrbtn - RAA - IC01,123
820,Mrktng - Mrktng Dstrbtn - RAA - IC02,123
821,Mrktng - Mrktng Dstrbtn - RAA - IC03,123
822,Mrktng - Mrktng Dstrbtn - Project Services - IC01,124
823,Mrktng - Mrktng Dstrbtn - Project Services - IC02,124
824,Mrktng - Mrktng Dstrbtn - Project Services - IC03,124
825,Mrktng - Mrktng Dstrbtn - Project Services - IC04,124
826,Mrktng - Mrktng Dstrbtn - Project Services - IC05,124
827,Mrktng - Mrktng Dstrbtn - Project Services - IC06,124
828,Mrktng - Mrktng Dstrbtn - Project Services - IC07,124
829,Mrktng - Mrktng Dstrbtn - Project Services - IC08,124
830,Mrktng - Mrktng Dstrbtn - Project Services - IC09,124
831,Mrktng - Mrktng Dstrbtn - Project Services - IC10,124
832,Mrktng - Prdct Prmtn - PSI - IC01,125
833,Mrktng - Prdct Prmtn - PSI - IC02,125
834,Mrktng - Prdct Prmtn - RAA - IC01,126
835,Mrktng - Prdct Prmtn - RAA - IC02,126
836,Mrktng - Prdct Prmtn - RAA - IC03,126
837,Mrktng - Prdct Prmtn - RAA - IC04,126
838,Mrktng - Prdct Prmtn - RAA - IC05,126
839,Mrktng - Prdct Prmtn - RAA - IC06,126
840,Mrktng - Prdct Prmtn - RAA - IC07,126
841,Mrktng - Prdct Prmtn - RAA - IC08,126
842,Mrktng - Prdct Prmtn - RAA - IC09,126
843,Mrktng - Prdct Prmtn - RAA - IC10,126
844,Mrktng - Prdct Prmtn - Project Services - IC01,127
845,Mrktng - Prdct Prmtn - Project Services - IC02,127
846,Mrktng - Prdct Prmtn - Project Services - IC03,127
847,Mrktng - Prdct Prmtn - Project Services - IC04,127
848,Mrktng - Prdct Prmtn - Project Services - IC05,127
849,Mrktng - Prdct Prmtn - Project Services - IC06,127
850,Lgl - Prdct - PSI - IC01,134
851,Lgl - Prdct - PSI - IC02,134
852,Lgl - Prdct - RAA - IC01,135
853,Lgl - Prdct - RAA - IC02,135
854,Lgl - Prdct - RAA - IC03,135
855,Lgl - Prdct - RAA - IC04,135
856,Lgl - Prdct - RAA - IC05,135
857,Lgl - Prdct - RAA - IC06,135
858,Lgl - Prdct - Project Services - IC01,136
859,Lgl - Prdct - Project Services - IC02,136
860,Lgl - Prdct - Project Services - IC03,136
861,Lgl - Prdct - Project Services - IC04,136
862,Lgl - Wrkr Cmpnstn - PSI - IC01,137
863,Lgl - Wrkr Cmpnstn - PSI - IC02,137
864,Lgl - Wrkr Cmpnstn - PSI - IC03,137
865,Lgl - Wrkr Cmpnstn - RAA - IC01,138
866,Lgl - Wrkr Cmpnstn - RAA - IC02,138
867,Lgl - Wrkr Cmpnstn - RAA - IC03,138
868,Lgl - Wrkr Cmpnstn - Project Services - IC01,139
869,Lgl - Wrkr Cmpnstn - Project Services - IC02,139
870,Lgl - Wrkr Cmpnstn - Project Services - IC03,139
871,Lgl - Wrkr Cmpnstn - Project Services - IC04,139
872,Lgl - Wrkr Cmpnstn - Project Services - IC05,139
873,Lgl - Wrkr Cmpnstn - Project Services - IC06,139
874,Lgl - Wrkr Cmpnstn - Project Services - IC07,139
875,Lgl - Intllctl Prprty - PSI - IC01,140
876,Lgl - Intllctl Prprty - PSI - IC02,140
877,Lgl - Intllctl Prprty - PSI - IC03,140
878,Lgl - Intllctl Prprty - RAA - IC01,141
879,Lgl - Intllctl Prprty - RAA - IC02,141
880,Lgl - Intllctl Prprty - RAA - IC03,141
881,Lgl - Intllctl Prprty - RAA - IC04,141
882,Lgl - Intllctl Prprty - RAA - IC05,141
883,Lgl - Intllctl Prprty - Project Services - IC01,142
884,Lgl - Intllctl Prprty - Project Services - IC02,142
885,Lgl - Intllctl Prprty - Project Services - IC03,142
886,Lgl - Intllctl Prprty - Project Services - IC04,142
887,Lgl - Intllctl Prprty - Project Services - IC05,142
888,Lgl - Intllctl Prprty - Project Services - IC06,142
889,Lgl - Rgltry - PSI - IC01,143
890,Lgl - Rgltry - PSI - IC02,143
891,Lgl - Rgltry - RAA - IC01,144
892,Lgl - Rgltry - RAA - IC02,144
893,Lgl - Rgltry - RAA - IC03,144
894,Lgl - Rgltry - RAA - IC04,144
895,Lgl - Rgltry - RAA - IC05,144
896,Lgl - Rgltry - RAA - IC06,144
897,Lgl - Rgltry - RAA - IC07,144
898,Lgl - Rgltry - Project Services - IC01,145
899,Lgl - Rgltry - Project Services - IC02,145
900,Lgl - Gnrl Cnsl - PSI - IC01,146
901,Lgl - Gnrl Cnsl - PSI - IC02,146
902,Lgl - Gnrl Cnsl - RAA - IC01,147
903,Lgl - Gnrl Cnsl - RAA - IC02,147
904,Lgl - Gnrl Cnsl - RAA - IC03,147
905,Lgl - Gnrl Cnsl - RAA - IC04,147
906,Lgl - Gnrl Cnsl - RAA - IC05,147
907,Lgl - Gnrl Cnsl - Project Services - IC01,148
908,Lgl - Gnrl Cnsl - Project Services - IC02,148
909,Lgl - Gnrl Cnsl - Project Services - IC03,148
910,Lgl - Gnrl Cnsl - Project Services - IC04,148
911,Lgl - Gnrl Cnsl - Project Services - IC05,148
912,Tchnlgy - Infrstrctr - PSI - IC01,149
913,Tchnlgy - Infrstrctr - PSI - IC02,149
914,Tchnlgy - Infrstrctr - PSI - IC03,149
915,Tchnlgy - Infrstrctr - PSI - IC04,149
916,Tchnlgy - Infrstrctr - PSI - IC05,149
917,Tchnlgy - Infrstrctr - PSI - IC06,149
918,Tchnlgy - Infrstrctr - PSI - IC07,149
919,Tchnlgy - Infrstrctr - PSI - IC08,149
920,Tchnlgy - Infrstrctr - PSI - IC09,149
921,Tchnlgy - Infrstrctr - PSI - IC10,149
922,Tchnlgy - Infrstrctr - PSI - IC11,149
923,Tchnlgy - Infrstrctr - PSI - IC12,149
924,Tchnlgy - Infrstrctr - RAA - IC01,150
925,Tchnlgy - Infrstrctr - RAA - IC02,150
926,Tchnlgy - Infrstrctr - RAA - IC03,150
927,Tchnlgy - Infrstrctr - RAA - IC04,150
928,Tchnlgy - Infrstrctr - RAA - IC05,150
929,Tchnlgy - Infrstrctr - RAA - IC06,150
930,Tchnlgy - Infrstrctr - Project Services - IC01,151
931,Tchnlgy - Infrstrctr - Project Services - IC02,151
932,Tchnlgy - Systms - PSI - IC01,152
933,Tchnlgy - Systms - PSI - IC02,152
934,Tchnlgy - Systms - PSI - IC03,152
935,Tchnlgy - Systms - PSI - IC04,152
936,Tchnlgy - Systms - PSI - IC05,152
937,Tchnlgy - Systms - PSI - IC06,152
938,Tchnlgy - Systms - PSI - IC07,152
939,Tchnlgy - Systms - PSI - IC08,152
940,Tchnlgy - Systms - PSI - IC09,152
941,Tchnlgy - Systms - PSI - IC10,152
942,Tchnlgy - Systms - PSI - IC11,152
943,Tchnlgy - Systms - PSI - IC12,152
944,Tchnlgy - Systms - PSI - IC13,152
945,Tchnlgy - Systms - RAA - IC01,153
946,Tchnlgy - Systms - RAA - IC02,153
947,Tchnlgy - Systms - RAA - IC03,153
948,Tchnlgy - Systms - RAA - IC04,153
949,Tchnlgy - Systms - RAA - IC05,153
950,Tchnlgy - Systms - Project Services - IC01,154
951,Tchnlgy - Systms - Project Services - IC02,154
952,Tchnlgy - Systms - Project Services - IC03,154
953,Tchnlgy - Systms - Project Services - IC04,154
954,Tchnlgy - Systms - Project Services - IC05,154
955,Tchnlgy - Systms - Project Services - IC06,154
956,Tchnlgy - Systms - Project Services - IC07,154
957,Tchnlgy - Systms - Project Services - IC08,154
958,Tchnlgy - Systms - Project Services - IC09,154
959,Tchnlgy - Systms - Project Services - IC10,154
960,Tchnlgy - Systms - Project Services - IC11,154
961,Tchnlgy - Systms - Project Services - IC12,154
962,Tchnlgy - Hrdwr Spprt - PSI - IC01,155
963,Tchnlgy - Hrdwr Spprt - PSI - IC02,155
964,Tchnlgy - Hrdwr Spprt - PSI - IC03,155
965,Tchnlgy - Hrdwr Spprt - PSI - IC04,155
966,Tchnlgy - Hrdwr Spprt - PSI - IC05,155
967,Tchnlgy - Hrdwr Spprt - PSI - IC06,155
968,Tchnlgy - Hrdwr Spprt - PSI - IC07,155
969,Tchnlgy - Hrdwr Spprt - PSI - IC08,155
970,Tchnlgy - Hrdwr Spprt - PSI - IC09,155
971,Tchnlgy - Hrdwr Spprt - RAA - IC01,156
972,Tchnlgy - Hrdwr Spprt - RAA - IC02,156
973,Tchnlgy - Hrdwr Spprt - RAA - IC03,156
974,Tchnlgy - Hrdwr Spprt - RAA - IC04,156
975,Tchnlgy - Hrdwr Spprt - RAA - IC05,156
976,Tchnlgy - Hrdwr Spprt - RAA - IC06,156
977,Tchnlgy - Hrdwr Spprt - RAA - IC07,156
978,Tchnlgy - Hrdwr Spprt - RAA - IC08,156
979,Tchnlgy - Hrdwr Spprt - RAA - IC09,156
980,Tchnlgy - Hrdwr Spprt - RAA - IC10,156
981,Tchnlgy - Hrdwr Spprt - Project Services - IC01,157
982,Tchnlgy - Hrdwr Spprt - Project Services - IC02,157
983,Tchnlgy - Sftwr - PSI - IC01,158
984,Tchnlgy - Sftwr - PSI - IC02,158
985,Tchnlgy - Sftwr - RAA - IC01,159
986,Tchnlgy - Sftwr - RAA - IC02,159
987,Tchnlgy - Sftwr - RAA - IC03,159
988,Tchnlgy - Sftwr - RAA - IC04,159
989,Tchnlgy - Sftwr - RAA - IC05,159
990,Tchnlgy - Sftwr - RAA - IC06,159
991,Tchnlgy - Sftwr - RAA - IC07,159
992,Tchnlgy - Sftwr - RAA - IC08,159
993,Tchnlgy - Sftwr - RAA - IC09,159
994,Tchnlgy - Sftwr - RAA - IC10,159
995,Tchnlgy - Sftwr - Project Services - IC01,160
996,Tchnlgy - Sftwr - Project Services - IC02,160
997,Tchnlgy - Sftwr - Project Services - IC03,160
998,Tchnlgy - Sftwr - Project Services - IC04,160
999,Tchnlgy - Sftwr - Project Services - IC05,160
1000,Tchnlgy - Sftwr - Project Services - IC06,160
1001,Tchnlgy - Sftwr - Project Services - IC07,160
1002,Tchnlgy - Sftwr - Project Services - IC08,160
1003,Tchnlgy - Phn nd Onln Assstnc - PSI - IC01,161
1004,Tchnlgy - Phn nd Onln Assstnc - PSI - IC02,161
1005,Tchnlgy - Phn nd Onln Assstnc - PSI - IC03,161
1006,Tchnlgy - Phn nd Onln Assstnc - PSI - IC04,161
1007,Tchnlgy - Phn nd Onln Assstnc - PSI - IC05,161
1008,Tchnlgy - Phn nd Onln Assstnc - PSI - IC06,161
1009,Tchnlgy - Phn nd Onln Assstnc - PSI - IC07,161
1010,Tchnlgy - Phn nd Onln Assstnc - PSI - IC08,161
1011,Tchnlgy - Phn nd Onln Assstnc - RAA - IC01,162
1012,Tchnlgy - Phn nd Onln Assstnc - RAA - IC02,162
1013,Tchnlgy - Phn nd Onln Assstnc - RAA - IC03,162
1014,Tchnlgy - Phn nd Onln Assstnc - RAA - IC04,162
1015,Tchnlgy - Phn nd Onln Assstnc - RAA - IC05,162
1016,Tchnlgy - Phn nd Onln Assstnc - RAA - IC06,162
1017,Tchnlgy - Phn nd Onln Assstnc - Project Services - IC01,163
1018,Tchnlgy - Phn nd Onln Assstnc - Project Services - IC02,163
1019,Tchnlgy - Phn nd Onln Assstnc - Project Services - IC03,163
1020,Tchnlgy - Phn nd Onln Assstnc - Project Services - IC04,163
1021,Tchnlgy - Phn nd Onln Assstnc - Project Services - IC05,163
1022,Tchnlgy - Phn nd Onln Assstnc - Project Services - IC06,163
1023,Tchnlgy - Phn nd Onln Assstnc - Project Services - IC07,163
1024,Tchnlgy - Phn nd Onln Assstnc - Project Services - IC08,163
1025,Tchnlgy - Phn nd Onln Assstnc - Project Services - IC09,163
1026,Tchnlgy - Phn nd Onln Assstnc - Project Services - IC10,163
1027,Tchnlgy - Dt Scnc - PSI - IC01,164
1028,Tchnlgy - Dt Scnc - PSI - IC02,164
1029,Tchnlgy - Dt Scnc - PSI - IC03,164
1030,Tchnlgy - Dt Scnc - PSI - IC04,164
1031,Tchnlgy - Dt Scnc - RAA - IC01,165
1032,Tchnlgy - Dt Scnc - RAA - IC02,165
1033,Tchnlgy - Dt Scnc - RAA - IC03,165
1034,Tchnlgy - Dt Scnc - RAA - IC04,165
1035,Tchnlgy - Dt Scnc - RAA - IC05,165
1036,Tchnlgy - Dt Scnc - RAA - IC06,165
1037,Tchnlgy - Dt Scnc - RAA - IC07,165
1038,Tchnlgy - Dt Scnc - RAA - IC08,165
1039,Tchnlgy - Dt Scnc - RAA - IC09,165
1040,Tchnlgy - Dt Scnc - RAA - IC10,165
1041,Tchnlgy - Dt Scnc - RAA - IC11,165
1042,Tchnlgy - Dt Scnc - RAA - IC12,165
1043,Tchnlgy - Dt Scnc - Project Services - IC01,166
1044,Tchnlgy - Dt Scnc - Project Services - IC02,166
1045,Strtgy - Vndr Rltnshps - PSI - IC01,167
1046,Strtgy - Vndr Rltnshps - PSI - IC02,167
1047,Strtgy - Vndr Rltnshps - PSI - IC03,167
1048,Strtgy - Vndr Rltnshps - PSI - IC04,167
1049,Strtgy - Vndr Rltnshps - RAA - IC01,168
1050,Strtgy - Vndr Rltnshps - RAA - IC02,168
1051,Strtgy - Vndr Rltnshps - RAA - IC03,168
1052,Strtgy - Vndr Rltnshps - RAA - IC04,168
1053,Strtgy - Vndr Rltnshps - RAA - IC05,168
1054,Strtgy - Vndr Rltnshps - RAA - IC06,168
1055,Strtgy - Vndr Rltnshps - RAA - IC07,168
1056,Strtgy - Vndr Rltnshps - RAA - IC08,168
1057,Strtgy - Vndr Rltnshps - RAA - IC09,168
1058,Strtgy - Vndr Rltnshps - RAA - IC10,168
1059,Strtgy - Vndr Rltnshps - Project Services - IC01,169
1060,Strtgy - Vndr Rltnshps - Project Services - IC02,169
1061,Strtgy - Vndr Rltnshps - Project Services - IC03,169
1062,Strtgy - Vndr Rltnshps - Project Services - IC04,169
1063,Strtgy - Vndr Rltnshps - Project Services - IC05,169
1064,Strtgy - Vndr Rltnshps - Project Services - IC06,169
1065,Strtgy - Plnnng - PSI - IC01,170
1066,Strtgy - Plnnng - PSI - IC02,170
1067,Strtgy - Plnnng - RAA - IC01,171
1068,Strtgy - Plnnng - RAA - IC02,171
1069,Strtgy - Plnnng - RAA - IC03,171
1070,Strtgy - Plnnng - RAA - IC04,171
1071,Strtgy - Plnnng - RAA - IC05,171
1072,Strtgy - Plnnng - RAA - IC06,171
1073,Strtgy - Plnnng - RAA - IC07,171
1074,Strtgy - Plnnng - Project Services - IC01,172
1075,Strtgy - Plnnng - Project Services - IC02,172
1076,Strtgy - Plnnng - Project Services - IC03,172
1077,Strtgy - Plnnng - Project Services - IC04,172
1078,Strtgy - Plnnng - Project Services - IC05,172
1079,Strtgy - Plnnng - Project Services - IC06,172
1080,Strtgy - Plnnng - Project Services - IC07,172
1081,Strtgy - Admnstrtn - PSI - IC01,173
1082,Strtgy - Admnstrtn - PSI - IC02,173
1083,Strtgy - Admnstrtn - RAA - IC01,174
1084,Strtgy - Admnstrtn - RAA - IC02,174
1085,Strtgy - Admnstrtn - Project Services - IC01,175
1086,Strtgy - Admnstrtn - Project Services - IC02,175
1087,Strtgy - Inttv Mngmnt - PSI - IC01,176
1088,Strtgy - Inttv Mngmnt - PSI - IC02,176
1089,Strtgy - Inttv Mngmnt - RAA - IC01,177
1090,Strtgy - Inttv Mngmnt - RAA - IC02,177
1091,Strtgy - Inttv Mngmnt - RAA - IC03,177
1092,Strtgy - Inttv Mngmnt - RAA - IC04,177
1093,Strtgy - Inttv Mngmnt - RAA - IC05,177
1094,Strtgy - Inttv Mngmnt - RAA - IC06,177
1095,Strtgy - Inttv Mngmnt - RAA - IC07,177
1096,Strtgy - Inttv Mngmnt - Project Services - IC01,178
1097,Strtgy - Inttv Mngmnt - Project Services - IC02,178
1098,Oprtns - Cstmr Cr - PSI - IC01,179
1099,Oprtns - Cstmr Cr - PSI - IC02,179
1100,Oprtns - Cstmr Cr - PSI - IC03,179
1101,Oprtns - Cstmr Cr - PSI - IC04,179
1102,Oprtns - Cstmr Cr - PSI - IC05,179
1103,Oprtns - Cstmr Cr - PSI - IC06,179
1104,Oprtns - Cstmr Cr - PSI - IC07,179
1105,Oprtns - Cstmr Cr - PSI - IC08,179
1106,Oprtns - Cstmr Cr - PSI - IC09,179
1107,Oprtns - Cstmr Cr - RAA - IC01,180
1108,Oprtns - Cstmr Cr - RAA - IC02,180
1109,Oprtns - Cstmr Cr - RAA - IC03,180
1110,Oprtns - Cstmr Cr - RAA - IC04,180
1111,Oprtns - Cstmr Cr - RAA - IC05,180
1112,Oprtns - Cstmr Cr - RAA - IC06,180
1113,Oprtns - Cstmr Cr - Project Services - IC01,181
1114,Oprtns - Cstmr Cr - Project Services - IC02,181
1115,Oprtns - Cstmr Cr - Project Services - IC03,181
1116,Oprtns - Cstmr Cr - Project Services - IC04,181
1117,Oprtns - Cstmr Cr - Project Services - IC05,181
1118,Oprtns - Cstmr Cr - Project Services - IC06,181
1119,Oprtns - Prdctn - PSI - IC01,182
1120,Oprtns - Prdctn - PSI - IC02,182
1121,Oprtns - Prdctn - RAA - IC01,183
1122,Oprtns - Prdctn - RAA - IC02,183
1123,Oprtns - Prdctn - RAA - IC03,183
1124,Oprtns - Prdctn - RAA - IC04,183
1125,Oprtns - Prdctn - RAA - IC05,183
1126,Oprtns - Prdctn - RAA - IC06,183
1127,Oprtns - Prdctn - Project Services - IC01,184
1128,Oprtns - Prdctn - Project Services - IC02,184
1129,Oprtns - Dgtl - PSI - IC01,185
1130,Oprtns - Dgtl - PSI - IC02,185
1131,Oprtns - Dgtl - RAA - IC01,186
1132,Oprtns - Dgtl - RAA - IC02,186
1133,Oprtns - Dgtl - Project Services - IC01,187
1134,Oprtns - Dgtl - Project Services - IC02,187
1135,Oprtns - Dgtl - Project Services - IC03,187
1136,Oprtns - Innvtn - PSI - IC01,188
1137,Oprtns - Innvtn - PSI - IC02,188
1138,Oprtns - Innvtn - PSI - IC03,188
1139,Oprtns - Innvtn - RAA - IC01,189
1140,Oprtns - Innvtn - RAA - IC02,189
1141,Oprtns - Innvtn - RAA - IC03,189
1142,Oprtns - Innvtn - RAA - IC04,189
1143,Oprtns - Innvtn - Project Services - IC01,190
1144,Oprtns - Innvtn - Project Services - IC02,190
1145,Oprtns - Prjct Srvcs - PSI - IC01,191
1146,Oprtns - Prjct Srvcs - PSI - IC02,191
1147,Oprtns - Prjct Srvcs - RAA - IC01,192
1148,Oprtns - Prjct Srvcs - RAA - IC02,192
1149,Oprtns - Prjct Srvcs - RAA - IC03,192
1150,Oprtns - Prjct Srvcs - RAA - IC04,192
1151,Oprtns - Prjct Srvcs - RAA - IC05,192
1152,Oprtns - Prjct Srvcs - RAA - IC06,192
1153,Oprtns - Prjct Srvcs - RAA - IC07,192
1154,Oprtns - Prjct Srvcs - RAA - IC08,192
1155,Oprtns - Prjct Srvcs - Project Services - IC01,193
1156,Oprtns - Prjct Srvcs - Project Services - IC02,193
1157,Oprtns - Prjct Srvcs - Project Services - IC03,193
1158,Oprtns - Prjct Srvcs - Project Services - IC04,193
1159,Oprtns - Prjct Srvcs - Project Services - IC05,193
1160,Oprtns - Prjct Srvcs - Project Services - IC06,193
1161,Oprtns - Prjct Srvcs - Project Services - IC07,193
1162,Cmplnc - Rsk - PSI - IC01,194
1163,Cmplnc - Rsk - PSI - IC02,194
1164,Cmplnc - Rsk - RAA - IC01,195
1165,Cmplnc - Rsk - RAA - IC02,195
1166,Cmplnc - Rsk - RAA - IC03,195
1167,Cmplnc - Rsk - RAA - IC04,195
1168,Cmplnc - Rsk - RAA - IC05,195
1169,Cmplnc - Rsk - RAA - IC06,195
1170,Cmplnc - Rsk - RAA - IC07,195
1171,Cmplnc - Rsk - Project Services - IC01,196
1172,Cmplnc - Rsk - Project Services - IC02,196
1173,Cmplnc - Rsk - Project Services - IC03,196
1174,Cmplnc - Rsk - Project Services - IC04,196
1175,Cmplnc - Rsk - Project Services - IC05,196
1176,Cmplnc - Rsk - Project Services - IC06,196
1177,Cmplnc - Rsk - Project Services - IC07,196
1178,Cmplnc - Rsk - Project Services - IC08,196
1179,Cmplnc - Admnstrtn - PSI - IC01,197
1180,Cmplnc - Admnstrtn - PSI - IC02,197
1181,Cmplnc - Admnstrtn - PSI - IC03,197
1182,Cmplnc - Admnstrtn - PSI - IC04,197
1183,Cmplnc - Admnstrtn - PSI - IC05,197
1184,Cmplnc - Admnstrtn - PSI - IC06,197
1185,Cmplnc - Admnstrtn - PSI - IC07,197
1186,Cmplnc - Admnstrtn - PSI - IC08,197
1187,Cmplnc - Admnstrtn - RAA - IC01,198
1188,Cmplnc - Admnstrtn - RAA - IC02,198
1189,Cmplnc - Admnstrtn - Project Services - IC01,199
1190,Cmplnc - Admnstrtn - Project Services - IC02,199
1191,Cmplnc - Admnstrtn - Project Services - IC03,199
1192,Cmplnc - Admnstrtn - Project Services - IC04,199
1193,Cmplnc - Admnstrtn - Project Services - IC05,199
1194,Cmplnc - Admnstrtn - Project Services - IC06,199
1195,Cmplnc - Admnstrtn - Project Services - IC07,199
1196,Cmplnc - Admnstrtn - Project Services - IC08,199
1197,Cmplnc - Sltns - PSI - IC01,200
1198,Cmplnc - Sltns - PSI - IC02,200
1199,Cmplnc - Sltns - PSI - IC03,200
1200,Cmplnc - Sltns - PSI - IC04,200
1201,Cmplnc - Sltns - PSI - IC05,200
1202,Cmplnc - Sltns - RAA - IC01,201
1203,Cmplnc - Sltns - RAA - IC02,201
1204,Cmplnc - Sltns - RAA - IC03,201
1205,Cmplnc - Sltns - RAA - IC04,201
1206,Cmplnc - Sltns - Project Services - IC01,202
1207,Cmplnc - Sltns - Project Services - IC02,202
1208,Cmplnc - Sltns - Project Services - IC03,202
1209,Cmplnc - Cntrl nd Exctn - PSI - IC01,203
1210,Cmplnc - Cntrl nd Exctn - PSI - IC02,203
1211,Cmplnc - Cntrl nd Exctn - PSI - IC03,203
1212,Cmplnc - Cntrl nd Exctn - PSI - IC04,203
1213,Cmplnc - Cntrl nd Exctn - PSI - IC05,203
1214,Cmplnc - Cntrl nd Exctn - PSI - IC06,203
1215,Cmplnc - Cntrl nd Exctn - PSI - IC07,203
1216,Cmplnc - Cntrl nd Exctn - PSI - IC08,203
1217,Cmplnc - Cntrl nd Exctn - PSI - IC09,203
1218,Cmplnc - Cntrl nd Exctn - RAA - IC01,204
1219,Cmplnc - Cntrl nd Exctn - RAA - IC02,204
1220,Cmplnc - Cntrl nd Exctn - RAA - IC03,204
1221,Cmplnc - Cntrl nd Exctn - RAA - IC04,204
1222,Cmplnc - Cntrl nd Exctn - RAA - IC05,204
1223,Cmplnc - Cntrl nd Exctn - RAA - IC06,204
1224,Cmplnc - Cntrl nd Exctn - RAA - IC07,204
1225,Cmplnc - Cntrl nd Exctn - RAA - IC08,204
1226,Cmplnc - Cntrl nd Exctn - RAA - IC09,204
1227,Cmplnc - Cntrl nd Exctn - RAA - IC10,204
1228,Cmplnc - Cntrl nd Exctn - RAA - IC11,204
1229,Cmplnc - Cntrl nd Exctn - Project Services - IC01,205
1230,Cmplnc - Cntrl nd Exctn - Project Services - IC02,205
1231,Cmplnc - Cntrl nd Exctn - Project Services - IC03,205
1232,Cmplnc - Cntrl nd Exctn - Project Services - IC04,205
1233,Cmplnc - Cntrl nd Exctn - Project Services - IC05,205
