employee_num,recruiting_source
16684,"NA"
29068,"NA"
19507,"NA"
7504,"NA"
2549,"NA"
8869,"NA"
21041,"NA"
9968,"NA"
34070,"NA"
1265,"NA"
6773,"NA"
8878,"NA"
41637,"NA"
17198,"NA"
21103,"NA"
14721,"NA"
12427,"NA"
44398,"NA"
36559,"NA"
8204,"NA"
29364,"NA"
44462,"NA"
39087,"NA"
24685,"NA"
7647,"NA"
11516,"NA"
23737,"NA"
30754,"NA"
41572,"NA"
3247,"NA"
12121,"NA"
15347,"NA"
38813,"NA"
28423,"NA"
40369,"NA"
23720,"NA"
10325,"NA"
40958,"NA"
4825,"NA"
29868,"NA"
17182,"NA"
41691,"NA"
17617,"NA"
37883,"NA"
9506,"NA"
41788,"NA"
2927,"NA"
23835,"NA"
28900,"NA"
25238,"NA"
17058,"NA"
39655,"NA"
26928,"NA"
13600,"NA"
27968,"NA"
25864,"NA"
43759,"NA"
39108,"NA"
403,"NA"
16471,"NA"
7034,"NA"
8225,"NA"
34405,"NA"
38012,"NA"
7355,"NA"
19894,"NA"
8395,"NA"
19572,"NA"
20165,"NA"
28090,"NA"
18764,"NA"
13682,"NA"
10135,"NA"
34019,"NA"
34655,"NA"
28179,"NA"
42764,"NA"
30022,"NA"
2145,"NA"
31645,"NA"
27834,"NA"
11122,"NA"
31547,"NA"
44997,"NA"
25950,"NA"
38503,"NA"
42333,"NA"
10912,"NA"
5189,"NA"
22966,"NA"
27645,"NA"
14480,"NA"
8775,"NA"
3370,"NA"
43588,"NA"
31484,"NA"
28240,"NA"
9306,"NA"
44328,"NA"
5123,"NA"
29949,"NA"
17863,"NA"
33004,"NA"
1798,"NA"
1633,"NA"
12382,"NA"
19273,"NA"
16921,"NA"
22268,"NA"
20452,"NA"
36480,"NA"
6479,"NA"
14963,"NA"
39737,"NA"
2944,"NA"
44804,"NA"
2852,"NA"
38677,"NA"
152,"NA"
1651,"NA"
30621,"NA"
28623,"NA"
38890,"NA"
20602,"NA"
41,"NA"
33988,"NA"
37042,"NA"
43618,"NA"
39336,"NA"
14405,"NA"
30245,"NA"
27816,"NA"
40503,"NA"
57,"NA"
8057,"NA"
17438,"NA"
41222,"NA"
27300,"NA"
29458,"NA"
9269,"NA"
18623,"NA"
35491,"NA"
4526,"NA"
695,"NA"
14639,"NA"
7826,"NA"
13481,"NA"
37628,"NA"
28812,"NA"
20784,"NA"
14368,"NA"
26822,"NA"
38077,"NA"
36453,"NA"
35917,"NA"
13638,"NA"
14121,"NA"
30900,"NA"
843,"NA"
21078,"NA"
24500,"NA"
3342,"NA"
44714,"NA"
30042,"NA"
4385,"NA"
43413,"NA"
8984,"NA"
10597,"NA"
14305,"NA"
38683,"NA"
22948,"NA"
30297,"NA"
1919,"NA"
15493,"NA"
8664,"NA"
34109,"NA"
14515,"NA"
31238,"NA"
21066,"NA"
30937,"NA"
231,"NA"
15638,"NA"
44822,"NA"
13036,"NA"
32129,"NA"
24795,"NA"
44626,"NA"
20681,"NA"
35320,"NA"
24647,"NA"
31791,"NA"
36110,"NA"
42722,"NA"
27389,"NA"
40327,"NA"
42265,"NA"
12912,"NA"
34811,"NA"
16047,"NA"
40781,"NA"
21651,"NA"
35642,"NA"
25463,"NA"
31869,"NA"
13388,"NA"
30549,"NA"
27466,"NA"
42271,"NA"
33495,"NA"
21501,"NA"
15476,"NA"
30079,"NA"
39636,"NA"
33923,"NA"
1359,"NA"
43678,"NA"
29408,"NA"
25255,"NA"
31975,"NA"
36723,"NA"
27648,"NA"
6191,"NA"
18858,"NA"
44449,"NA"
4383,"NA"
25847,"NA"
32381,"NA"
39400,"NA"
17660,"NA"
5070,"NA"
9497,"NA"
37199,"NA"
10084,"NA"
42409,"NA"
3509,"NA"
16624,"NA"
12393,"NA"
26777,"NA"
10469,"NA"
44275,"NA"
20747,"NA"
25248,"NA"
23479,"NA"
38836,"NA"
6149,"NA"
37051,"NA"
2496,"NA"
22559,"NA"
20152,"NA"
39528,"NA"
20178,"NA"
14961,"NA"
5107,"NA"
19926,"NA"
41519,"NA"
16618,"NA"
34836,"NA"
2013,"NA"
40761,"NA"
19688,"NA"
6704,"NA"
16216,"NA"
20570,"NA"
16347,"NA"
41676,"NA"
30288,"NA"
2481,"NA"
12364,"NA"
17219,"NA"
19112,"NA"
40053,"NA"
22823,"NA"
29870,"NA"
5600,"NA"
35843,"NA"
22028,"NA"
34382,"NA"
41925,"NA"
16959,"NA"
20562,"NA"
29523,"NA"
7507,"NA"
33926,"NA"
39391,"NA"
33530,"NA"
8968,"NA"
41833,"NA"
25170,"NA"
22497,"NA"
39249,"NA"
2597,"NA"
36734,"NA"
37147,"NA"
16051,"NA"
36080,"NA"
11596,"NA"
18752,"NA"
20483,"NA"
15609,"NA"
5844,"NA"
27473,"NA"
20923,"NA"
16933,"NA"
15355,"NA"
26395,"NA"
37775,"NA"
7602,"NA"
3225,"NA"
1044,"NA"
7198,"NA"
11900,"NA"
43278,"NA"
35585,"NA"
19596,"NA"
5690,"NA"
38227,"NA"
24313,"NA"
11677,"NA"
16917,"NA"
42961,"NA"
2052,"NA"
18288,"NA"
35719,"NA"
34559,"NA"
20052,"NA"
35960,"NA"
25976,"NA"
33857,"NA"
25199,"NA"
31927,"NA"
41131,"NA"
22611,"NA"
33094,"NA"
27965,"NA"
17739,"NA"
471,"NA"
39234,"NA"
31986,"NA"
27298,"NA"
5397,"NA"
23489,"NA"
10294,"NA"
22143,"NA"
22798,"NA"
37561,"NA"
5351,"NA"
26026,"NA"
17376,"NA"
32990,"NA"
38254,"NA"
20906,"NA"
7451,"NA"
35723,"NA"
32142,"NA"
3841,"NA"
37057,"NA"
33240,"NA"
20392,"NA"
33814,"NA"
24906,"NA"
38424,"NA"
41313,"NA"
42300,"NA"
4079,"NA"
23634,"NA"
4778,"NA"
28785,"NA"
38869,"NA"
40116,"NA"
14277,"NA"
7414,"NA"
9922,"NA"
18707,"NA"
2214,"NA"
3491,"NA"
29079,"NA"
727,"NA"
3273,"NA"
9993,"NA"
6172,"NA"
1832,"NA"
17110,"NA"
37732,"NA"
7587,"NA"
26998,"NA"
6302,"NA"
6871,"NA"
38360,"NA"
26310,"NA"
36874,"NA"
818,"NA"
1388,"NA"
28883,"NA"
11371,"NA"
27420,"NA"
32053,"NA"
36916,"NA"
36079,"NA"
2290,"NA"
34276,"NA"
15542,"NA"
35116,"NA"
23264,"NA"
35852,"NA"
3689,"NA"
18184,"NA"
13108,"NA"
2507,"NA"
4655,"NA"
39619,"NA"
33187,"NA"
9756,"NA"
43086,"NA"
36359,"NA"
37145,"NA"
30981,"NA"
15800,"NA"
11644,"NA"
4351,"NA"
28861,"NA"
10813,"NA"
13503,"NA"
43282,"NA"
26413,"NA"
38364,"NA"
40117,"NA"
23963,"NA"
44453,"NA"
4110,"NA"
3148,"NA"
25442,"NA"
23622,"NA"
2558,"NA"
13723,"NA"
23224,"NA"
31864,"NA"
8092,"NA"
31997,"NA"
35938,"NA"
36530,"NA"
36178,"NA"
27766,"NA"
8265,"NA"
35937,"NA"
25595,"NA"
29562,"NA"
27649,"NA"
13075,"NA"
821,"NA"
11820,"NA"
20985,"NA"
14709,"NA"
35482,"NA"
34516,"NA"
35104,"NA"
23918,"NA"
20404,"NA"
156,"NA"
43467,"NA"
23367,"NA"
26487,"NA"
30977,"NA"
26916,"NA"
73,"NA"
4279,"NA"
41740,"NA"
21822,"NA"
26761,"NA"
39748,"NA"
13584,"NA"
5718,"NA"
44586,"NA"
2138,"NA"
28524,"NA"
33497,"NA"
20935,"NA"
9896,"NA"
8758,"NA"
27804,"NA"
17130,"NA"
12251,"NA"
2897,"NA"
28077,"NA"
9878,"NA"
11211,"NA"
8695,"NA"
26340,"NA"
37690,"NA"
8768,"NA"
321,"NA"
27962,"NA"
26286,"NA"
36123,"NA"
34953,"NA"
33255,"NA"
8319,"NA"
39551,"NA"
44610,"NA"
29933,"NA"
9524,"NA"
14086,"NA"
28200,"NA"
17854,"NA"
9491,"NA"
1446,"NA"
23431,"NA"
44646,"NA"
16487,"NA"
9692,"NA"
19976,"NA"
39291,"NA"
31061,"NA"
29812,"NA"
8466,"NA"
10040,"NA"
37617,"NA"
29108,"NA"
684,"NA"
9732,"NA"
1656,"NA"
29264,"NA"
33188,"NA"
16846,"NA"
31572,"NA"
27391,"NA"
11073,"NA"
34869,"NA"
20510,"NA"
39511,"NA"
8580,"NA"
18695,"NA"
17963,"NA"
27152,"NA"
16668,"NA"
6627,"NA"
22875,"NA"
3610,"NA"
547,"NA"
10194,"NA"
35701,"NA"
28779,"NA"
28336,"NA"
9985,"NA"
6,"NA"
39786,"NA"
30057,"NA"
17160,"NA"
20690,"NA"
31629,"NA"
15140,"NA"
30778,"NA"
19476,"NA"
38185,"NA"
7089,"NA"
28877,"NA"
44876,"NA"
36809,"NA"
22181,"NA"
29470,"NA"
36706,"NA"
41771,"NA"
30402,"NA"
3014,"NA"
42719,"NA"
29737,"NA"
42298,"NA"
8944,"NA"
175,"NA"
26125,"NA"
15152,"NA"
44867,"NA"
6120,"NA"
27510,"NA"
11339,"NA"
25506,"NA"
6217,"NA"
15027,"NA"
19107,"NA"
7186,"NA"
44673,"NA"
27626,"NA"
28922,"NA"
19205,"NA"
7804,"NA"
41035,"NA"
43230,"NA"
15155,"NA"
31374,"NA"
31575,"NA"
33420,"NA"
35598,"NA"
6360,"NA"
17553,"NA"
1299,"NA"
14070,"NA"
7412,"NA"
42713,"NA"
9366,"NA"
13680,"NA"
2968,"NA"
22382,"NA"
20505,"NA"
26600,"NA"
6590,"NA"
10633,"NA"
34176,"NA"
7193,"NA"
8793,"NA"
525,"NA"
24723,"NA"
31993,"NA"
4638,"NA"
4924,"NA"
11012,"NA"
7430,"NA"
26447,"NA"
27779,"NA"
411,"NA"
4172,"NA"
11356,"NA"
40787,"NA"
37072,"NA"
8656,"NA"
20988,"NA"
35845,"NA"
36757,"NA"
25587,"NA"
26909,"NA"
34168,"NA"
39077,"NA"
13955,"NA"
20234,"NA"
41715,"NA"
18916,"NA"
32212,"NA"
21610,"NA"
6035,"NA"
31449,"NA"
17867,"NA"
28202,"NA"
25052,"NA"
31158,"NA"
2583,"NA"
33948,"NA"
13421,"NA"
38090,"NA"
22563,"NA"
32408,"NA"
22629,"NA"
32510,"NA"
39140,"NA"
39814,"NA"
27364,"NA"
4688,"NA"
9388,"NA"
41696,"NA"
12233,"NA"
32670,"NA"
9280,"NA"
3098,"NA"
3047,"NA"
3201,"NA"
27270,"NA"
36130,"NA"
9055,"NA"
39811,"NA"
12958,"NA"
27279,"NA"
6626,"NA"
7266,"NA"
10083,"NA"
38752,"NA"
38858,"NA"
6551,"NA"
13549,"NA"
4155,"NA"
29329,"NA"
39177,"NA"
38190,"NA"
26479,"NA"
10544,"NA"
29430,"NA"
42331,"NA"
9362,"NA"
6625,"NA"
35100,"NA"
36460,"NA"
38325,"NA"
9229,"NA"
24074,"NA"
42052,"NA"
37333,"NA"
26669,"NA"
18893,"NA"
38703,"NA"
8367,"NA"
16536,"NA"
31879,"NA"
25160,"NA"
37360,"NA"
33978,"NA"
32124,"NA"
39683,"NA"
39470,"NA"
29997,"NA"
31799,"NA"
8593,"NA"
7425,"NA"
18581,"NA"
29635,"NA"
26717,"NA"
39493,"NA"
10651,"NA"
13175,"NA"
24144,"NA"
19519,"NA"
22831,"NA"
36675,"NA"
28847,"NA"
34406,"NA"
11856,"NA"
24097,"NA"
18731,"NA"
29585,"NA"
2590,"NA"
2149,"NA"
41910,"NA"
2829,"NA"
2438,"NA"
2661,"NA"
1678,"NA"
6784,"NA"
18578,"NA"
30759,"NA"
17080,"NA"
7294,"NA"
36890,"NA"
35929,"NA"
12326,"NA"
804,"NA"
26637,"NA"
7785,"NA"
11868,"NA"
35861,"NA"
9799,"NA"
20709,"NA"
42229,"NA"
10565,"NA"
4184,"NA"
38469,"NA"
37339,"NA"
19890,"NA"
44508,"NA"
44039,"NA"
44055,"NA"
40402,"NA"
42968,"NA"
15295,"NA"
5598,"NA"
21631,"NA"
11792,"NA"
34417,"NA"
25307,"NA"
19681,"NA"
4173,"NA"
14578,"NA"
17845,"NA"
3876,"NA"
12265,"NA"
20283,"NA"
12737,"NA"
8783,"NA"
2085,"NA"
29547,"NA"
22879,"NA"
33450,"NA"
2978,"NA"
42875,"NA"
9936,"NA"
11550,"NA"
15283,"NA"
18326,"NA"
17769,"NA"
39978,"NA"
4068,"NA"
19045,"NA"
35322,"NA"
31294,"NA"
32845,"NA"
5743,"NA"
10522,"NA"
17422,"NA"
38757,"NA"
2163,"NA"
37170,"NA"
5649,"NA"
9833,"NA"
42925,"NA"
11523,"NA"
12321,"NA"
40418,"NA"
26863,"NA"
15891,"NA"
16364,"NA"
3813,"NA"
16541,"NA"
18348,"NA"
2224,"NA"
40740,"NA"
20895,"NA"
6322,"NA"
10537,"NA"
13507,"NA"
3097,"NA"
36907,"NA"
11093,"NA"
6635,"NA"
19948,"NA"
35703,"NA"
12499,"NA"
35339,"NA"
34633,"NA"
19011,"NA"
17525,"NA"
23124,"NA"
12457,"NA"
32750,"NA"
32465,"NA"
14962,"NA"
21774,"NA"
39239,"NA"
6864,"NA"
25637,"NA"
10277,"NA"
24697,"NA"
25951,"NA"
14344,"NA"
11267,"NA"
22492,"NA"
29679,"NA"
2255,"NA"
14280,"NA"
462,"NA"
11592,"NA"
38157,"NA"
18444,"NA"
21612,"NA"
30321,"NA"
16081,"NA"
24895,"NA"
13041,"NA"
9373,"NA"
41744,"NA"
5091,"NA"
27138,"NA"
23901,"NA"
23949,"NA"
14666,"NA"
37027,"NA"
10805,"NA"
38061,"NA"
20900,"NA"
11085,"NA"
29764,"NA"
42863,"NA"
39204,"NA"
34050,"NA"
39532,"NA"
19761,"NA"
41196,"NA"
18527,"NA"
35148,"NA"
42797,"NA"
5013,"NA"
3748,"NA"
19469,"NA"
37445,"NA"
20097,"NA"
20039,"NA"
10169,"NA"
24086,"NA"
42511,"NA"
41868,"NA"
32784,"NA"
6774,"NA"
37746,"NA"
10635,"NA"
40528,"NA"
38488,"NA"
29300,"NA"
31324,"NA"
28799,"NA"
27435,"NA"
7175,"NA"
36698,"NA"
21329,"NA"
25853,"NA"
31612,"NA"
12024,"NA"
44922,"NA"
44630,"NA"
36404,"NA"
35444,"NA"
3870,"NA"
2136,"NA"
39332,"NA"
25876,"NA"
37204,"NA"
5206,"NA"
16886,"NA"
38545,"NA"
21098,"NA"
16304,"NA"
10781,"NA"
7219,"NA"
9375,"NA"
33379,"NA"
11637,"NA"
9557,"NA"
19064,"NA"
15253,"NA"
34054,"NA"
8535,"NA"
14256,"NA"
44086,"NA"
3730,"NA"
43871,"NA"
38251,"NA"
961,"NA"
31062,"NA"
25632,"NA"
34825,"NA"
14483,"NA"
738,"NA"
2178,"NA"
33992,"NA"
8282,"NA"
19910,"NA"
35310,"NA"
39882,"NA"
23702,"NA"
36738,"NA"
21006,"NA"
9685,"NA"
9115,"NA"
38794,"NA"
4689,"NA"
27564,"NA"
10755,"NA"
31815,"NA"
3513,"NA"
41728,"NA"
6526,"NA"
15425,"NA"
23416,"NA"
27276,"NA"
35409,"NA"
12426,"NA"
28536,"NA"
27771,"NA"
36068,"NA"
44047,"NA"
25516,"NA"
13606,"NA"
28595,"NA"
5411,"NA"
37994,"NA"
12996,"NA"
20549,"NA"
34487,"NA"
17245,"NA"
16298,"NA"
36107,"NA"
1612,"NA"
11641,"NA"
17069,"NA"
44388,"NA"
29016,"NA"
12128,"NA"
3919,"NA"
10282,"NA"
2334,"NA"
44678,"NA"
18039,"NA"
23353,"NA"
330,"NA"
32308,"NA"
20164,"NA"
33720,"NA"
21081,"NA"
27551,"NA"
1454,"NA"
33805,"NA"
10385,"NA"
2875,"NA"
26575,"NA"
6229,"NA"
13472,"NA"
36058,"NA"
35131,"NA"
3710,"NA"
24278,"NA"
37166,"NA"
6393,"NA"
4036,"NA"
9042,"NA"
24532,"NA"
1125,"NA"
24527,"NA"
28833,"NA"
36204,"NA"
42215,"NA"
34004,"NA"
16465,"NA"
44908,"NA"
13068,"NA"
23898,"NA"
19168,"NA"
4647,"NA"
37390,"NA"
16435,"NA"
44528,"NA"
10674,"NA"
19406,"NA"
6365,"NA"
8446,"NA"
12615,"NA"
14453,"NA"
35930,"NA"
35744,"NA"
6054,"NA"
26962,"NA"
28908,"NA"
31477,"NA"
43197,"NA"
34086,"NA"
39988,"NA"
32411,"NA"
29681,"NA"
15656,"NA"
22341,"NA"
8539,"NA"
43642,"NA"
20078,"NA"
1147,"NA"
26570,"NA"
29889,"NA"
7749,"NA"
21030,"NA"
27636,"NA"
40258,"NA"
33635,"NA"
12247,"NA"
24088,"NA"
5940,"NA"
39997,"NA"
37413,"NA"
37604,"NA"
42537,"NA"
9173,"NA"
6577,"NA"
8306,"NA"
26054,"NA"
19577,"NA"
6785,"NA"
36479,"NA"
22122,"NA"
15852,"NA"
18135,"NA"
42566,"NA"
28400,"NA"
29984,"NA"
17291,"NA"
7813,"NA"
26448,"NA"
29341,"NA"
16882,"NA"
18859,"NA"
9832,"NA"
13287,"NA"
13710,"NA"
22974,"NA"
36619,"NA"
24813,"NA"
44161,"NA"
22826,"NA"
43737,"NA"
25569,"NA"
15857,"NA"
19319,"NA"
32113,"NA"
40280,"NA"
39771,"NA"
21984,"NA"
13669,"NA"
12954,"NA"
17083,"NA"
11775,"NA"
15490,"NA"
41985,"NA"
6407,"NA"
37726,"NA"
24598,"NA"
2314,"NA"
1629,"NA"
22545,"NA"
4683,"NA"
36321,"NA"
42309,"NA"
41881,"NA"
16901,"NA"
16159,"NA"
17560,"NA"
22774,"NA"
41670,"NA"
34427,"NA"
3525,"NA"
21144,"NA"
31229,"NA"
22058,"NA"
34906,"NA"
18405,"NA"
19456,"NA"
29302,"NA"
16344,"NA"
22007,"NA"
40886,"NA"
14991,"NA"
31322,"NA"
10103,"NA"
1626,"NA"
1931,"NA"
25382,"NA"
29515,"NA"
2620,"NA"
40837,"NA"
30524,"NA"
13972,"NA"
34729,"NA"
32573,"NA"
14707,"NA"
41081,"NA"
3954,"NA"
5585,"NA"
14623,"NA"
17193,"NA"
19129,"NA"
15023,"NA"
21852,"NA"
31450,"NA"
41899,"NA"
38951,"NA"
21680,"NA"
37382,"NA"
41033,"NA"
42517,"NA"
28194,"NA"
19575,"NA"
38523,"NA"
20974,"NA"
26605,"NA"
44478,"NA"
32057,"NA"
25808,"NA"
5109,"NA"
40390,"NA"
28093,"NA"
21040,"NA"
24336,"NA"
36164,"NA"
30055,"NA"
15215,"NA"
31658,"NA"
9483,"NA"
13009,"NA"
19187,"NA"
13865,"NA"
13870,"NA"
5269,"NA"
16122,"NA"
3931,"NA"
20003,"NA"
16087,"NA"
345,"NA"
44239,"NA"
2343,"NA"
16360,"NA"
42854,"NA"
21960,"NA"
1969,"NA"
32463,"NA"
4528,"NA"
22528,"NA"
20498,"NA"
6957,"NA"
14420,"NA"
44474,"NA"
12839,"NA"
15892,"NA"
17147,"NA"
36492,"NA"
39767,"NA"
32493,"NA"
34365,"NA"
32123,"NA"
10106,"NA"
6465,"NA"
26296,"NA"
44732,"NA"
34650,"NA"
37652,"NA"
44526,"NA"
24970,"NA"
14460,"NA"
15260,"NA"
42997,"NA"
33096,"NA"
23538,"NA"
36664,"NA"
14988,"NA"
3111,"NA"
16962,"NA"
8778,"NA"
24049,"NA"
11430,"NA"
33974,"NA"
3378,"NA"
17018,"NA"
29660,"NA"
25321,"NA"
1333,"NA"
19126,"NA"
9052,"NA"
17504,other online
11245,monster
16930,company event
21242,#MISSING
29230,monster
17003,monster
8926,monster
23753,#MISSING
2143,monster
29507,monster
9307,monster
31952,#MISSING
38337,monster
19757,company event
16059,company event
33866,monster
7709,monster
27807,monster
7088,#MISSING
4474,#MISSING
15178,monster
38971,company event
19275,company event
34962,#MISSING
32382,monster
43099,monster
31137,company event
7985,monster
10612,company event
14999,company event
37710,#MISSING
33358,#MISSING
16656,#MISSING
6202,monster
17673,#MISSING
32060,monster
34091,monster
24194,company event
3704,monster
25539,#MISSING
6376,#MISSING
6924,monster
36089,monster
37780,monster
17240,#MISSING
7961,company event
35438,internal referral
31308,internal referral
3648,#MISSING
13544,other online
24376,company event
31459,#MISSING
19378,monster
21406,other online
3687,monster
11586,#MISSING
6201,company event
26659,monster
3426,monster
3068,monster
40360,#MISSING
13115,monster
240,#MISSING
19366,monster
7236,monster
1674,monster
25695,monster
20062,#MISSING
4923,monster
27283,company event
41356,#MISSING
41795,monster
22480,#MISSING
8632,#MISSING
44651,#MISSING
2238,#MISSING
21099,#MISSING
20296,#MISSING
31161,#MISSING
25225,monster
37993,#MISSING
7795,company event
42014,monster
28188,monster
32722,company event
38822,monster
26624,company event
14386,#MISSING
44113,monster
21473,#MISSING
15399,#MISSING
44324,#MISSING
25212,monster
14194,monster
38116,monster
17886,#MISSING
31909,internal referral
33537,monster
12130,#MISSING
14166,#MISSING
20041,monster
19546,#MISSING
1543,#MISSING
20930,monster
23554,#MISSING
16801,#MISSING
36035,#MISSING
23950,company event
40834,#MISSING
15746,internal referral
37385,monster
16307,monster
39158,monster
32619,monster
2539,#MISSING
37107,monster
9754,monster
34454,monster
30108,#MISSING
3637,#MISSING
10746,#MISSING
12434,internal referral
24157,#MISSING
1607,company event
25493,monster
11572,#MISSING
2490,monster
980,monster
24757,#MISSING
7202,company event
35135,#MISSING
16924,#MISSING
30849,#MISSING
10704,#MISSING
21327,#MISSING
41428,monster
8290,monster
42339,#MISSING
26289,#MISSING
41618,monster
41556,internal referral
16694,internal referral
35756,#MISSING
21576,#MISSING
25819,#MISSING
42487,monster
18004,#MISSING
10885,#MISSING
25449,internal referral
30213,monster
4311,#MISSING
42434,company event
22943,#MISSING
42105,monster
35510,#MISSING
3543,#MISSING
4739,#MISSING
15915,#MISSING
32768,company event
288,company event
43010,#MISSING
24549,#MISSING
27436,#MISSING
43853,#MISSING
25650,#MISSING
33121,monster
16490,#MISSING
38619,#MISSING
3285,internal referral
18053,monster
19434,#MISSING
18114,monster
32196,#MISSING
176,monster
13223,monster
17924,company event
35484,monster
38508,#MISSING
10121,other online
1652,#MISSING
20117,monster
34909,monster
44473,company event
7346,#MISSING
39897,monster
40611,#MISSING
16365,internal referral
40077,#MISSING
11598,monster
17393,#MISSING
4460,#MISSING
33740,company event
39386,#MISSING
3245,#MISSING
16075,#MISSING
41960,#MISSING
28121,monster
35273,#MISSING
18321,monster
19310,monster
6095,internal referral
5607,company event
26682,#MISSING
23354,#MISSING
33897,monster
34594,monster
56,#MISSING
16527,monster
17036,monster
2996,internal referral
13166,monster
30201,monster
6357,#MISSING
39446,monster
23405,#MISSING
26984,internal referral
2760,internal referral
8009,#MISSING
41669,monster
41357,other online
33373,#MISSING
14893,monster
20530,other online
25826,monster
10708,monster
34186,#MISSING
41376,monster
19492,monster
23061,#MISSING
39306,#MISSING
17511,#MISSING
35309,#MISSING
21009,company event
25886,monster
23180,#MISSING
19856,#MISSING
22241,other online
14464,company event
30029,#MISSING
10402,company event
30051,internal referral
36145,internal referral
34849,monster
39496,monster
36124,company event
22773,monster
15504,monster
29164,#MISSING
293,#MISSING
4851,internal referral
21637,monster
7271,#MISSING
13652,monster
29298,#MISSING
24988,monster
44898,monster
8693,#MISSING
43287,monster
2397,monster
32835,#MISSING
44774,company event
10910,monster
6596,#MISSING
27146,#MISSING
19362,internal referral
4862,company event
13533,#MISSING
38338,monster
29365,monster
27646,#MISSING
11806,monster
2088,monster
35963,#MISSING
19825,other online
44073,#MISSING
11625,monster
36327,monster
38131,monster
34575,monster
44933,#MISSING
34830,monster
32821,#MISSING
12353,monster
31005,monster
1610,internal referral
2001,#MISSING
4309,internal referral
40734,monster
10532,#MISSING
44781,#MISSING
29885,monster
17214,#MISSING
14794,monster
42387,monster
24432,monster
18698,#MISSING
15485,monster
24844,monster
44420,monster
15198,#MISSING
42055,#MISSING
41751,monster
31217,#MISSING
2300,#MISSING
40264,monster
17595,internal referral
18350,monster
8102,monster
20300,monster
4718,monster
10664,company event
7712,monster
15953,internal referral
41709,internal referral
44852,monster
44892,monster
20884,internal referral
39365,#MISSING
35404,#MISSING
26904,#MISSING
36248,#MISSING
10471,monster
20647,monster
29941,#MISSING
20915,#MISSING
36349,#MISSING
7242,monster
23679,#MISSING
14152,#MISSING
23070,#MISSING
33731,#MISSING
15580,internal referral
31463,#MISSING
19039,company event
4784,#MISSING
42615,other online
37456,monster
37854,monster
39280,#MISSING
11436,monster
1554,monster
8832,monster
13577,monster
5933,#MISSING
39410,company event
7864,monster
20876,monster
14281,#MISSING
37518,#MISSING
33711,monster
35446,company event
16585,monster
12862,#MISSING
15203,monster
20653,monster
10660,#MISSING
44548,company event
22025,other online
23109,careerbuilder
19368,careerbuilder
27231,#MISSING
23347,monster
24772,#MISSING
17931,#MISSING
6603,#MISSING
30579,#MISSING
44811,#MISSING
7566,careerbuilder
2542,careerbuilder
4128,careerbuilder
17746,monster
18038,#MISSING
8024,careerbuilder
31627,company event
44859,#MISSING
10451,careerbuilder
19892,careerbuilder
1762,monster
23386,company event
3186,internal referral
38202,careerbuilder
18824,careerbuilder
419,internal referral
10424,#MISSING
43116,monster
6690,monster
15615,monster
17699,careerbuilder
22752,internal referral
4405,#MISSING
39635,other online
14735,#MISSING
20415,monster
44761,#MISSING
2998,#MISSING
21059,#MISSING
35385,monster
25094,#MISSING
30735,monster
5350,careerbuilder
15663,careerbuilder
7642,careerbuilder
28636,careerbuilder
9382,#MISSING
15265,monster
5555,monster
18054,careerbuilder
21968,#MISSING
40908,company event
5698,monster
29418,careerbuilder
21050,careerbuilder
15173,monster
3618,#MISSING
31749,#MISSING
7541,careerbuilder
5835,#MISSING
28880,careerbuilder
21044,#MISSING
7137,careerbuilder
8531,careerbuilder
17467,careerbuilder
12652,careerbuilder
10370,internal referral
44973,#MISSING
18029,monster
32957,#MISSING
33158,careerbuilder
21819,#MISSING
18073,careerbuilder
44985,#MISSING
30088,careerbuilder
31138,careerbuilder
29598,#MISSING
39033,#MISSING
37378,careerbuilder
36039,careerbuilder
21855,careerbuilder
19699,careerbuilder
69,monster
19800,careerbuilder
31212,#MISSING
15845,monster
8822,#MISSING
30242,careerbuilder
21106,careerbuilder
43863,#MISSING
41799,monster
32958,#MISSING
44858,monster
18078,monster
18132,careerbuilder
4979,monster
12292,#MISSING
37677,careerbuilder
6087,#MISSING
18883,monster
15429,#MISSING
42005,#MISSING
9348,internal referral
18793,careerbuilder
15685,careerbuilder
32344,careerbuilder
43298,careerbuilder
16232,monster
16133,monster
26159,company event
6567,careerbuilder
21335,careerbuilder
43896,careerbuilder
24217,careerbuilder
3723,#MISSING
32166,monster
38603,careerbuilder
728,#MISSING
1621,#MISSING
34531,monster
29901,#MISSING
25779,careerbuilder
30374,careerbuilder
3153,careerbuilder
24702,monster
22938,careerbuilder
20685,#MISSING
1780,careerbuilder
17698,monster
36960,careerbuilder
13372,careerbuilder
8532,careerbuilder
44915,careerbuilder
13490,careerbuilder
39194,#MISSING
15077,#MISSING
19243,careerbuilder
42984,careerbuilder
7546,#MISSING
33144,careerbuilder
22621,careerbuilder
34183,careerbuilder
13064,internal referral
26532,careerbuilder
20325,careerbuilder
13534,careerbuilder
36945,#MISSING
38447,monster
19238,monster
15887,careerbuilder
14389,company event
8211,careerbuilder
22744,careerbuilder
27470,careerbuilder
642,careerbuilder
20468,other online
19573,monster
3059,#MISSING
28804,monster
8283,careerbuilder
13371,careerbuilder
9676,careerbuilder
28852,careerbuilder
3035,careerbuilder
6608,careerbuilder
40494,careerbuilder
44305,careerbuilder
44932,careerbuilder
44071,careerbuilder
11373,monster
39042,company event
35501,careerbuilder
23490,monster
21608,#MISSING
37370,#MISSING
39991,#MISSING
32628,careerbuilder
5426,careerbuilder
18445,careerbuilder
24729,#MISSING
22813,monster
38872,#MISSING
25672,careerbuilder
7528,company event
20001,monster
44332,careerbuilder
38070,monster
11584,#MISSING
38336,#MISSING
1396,monster
13906,careerbuilder
5809,linkedin
35221,careerbuilder
24574,careerbuilder
14579,careerbuilder
2183,monster
22239,monster
18798,#MISSING
12093,careerbuilder
43733,#MISSING
15596,careerbuilder
37734,careerbuilder
36853,monster
30715,careerbuilder
3168,#MISSING
4517,careerbuilder
30258,careerbuilder
24113,careerbuilder
11843,careerbuilder
21862,careerbuilder
39942,monster
5991,#MISSING
20337,careerbuilder
18740,careerbuilder
40215,linkedin
27038,#MISSING
3624,monster
1918,monster
35416,careerbuilder
31370,careerbuilder
17429,careerbuilder
39451,careerbuilder
33972,careerbuilder
35721,careerbuilder
32576,monster
8510,company event
29520,careerbuilder
22403,careerbuilder
8474,careerbuilder
15171,internal referral
43674,careerbuilder
35244,#MISSING
22298,careerbuilder
12113,careerbuilder
9654,linkedin
10672,company event
37590,monster
34287,careerbuilder
27240,careerbuilder
178,monster
8404,linkedin
44795,#MISSING
3523,#MISSING
3563,#MISSING
8461,#MISSING
18642,careerbuilder
22301,careerbuilder
13925,#MISSING
25959,careerbuilder
34190,monster
5153,linkedin
44660,#MISSING
37980,linkedin
38177,careerbuilder
28279,company event
16438,careerbuilder
5041,careerbuilder
1102,linkedin
21674,careerbuilder
28604,careerbuilder
41993,careerbuilder
34806,careerbuilder
24592,#MISSING
19714,#MISSING
4968,careerbuilder
31510,monster
25791,#MISSING
14657,monster
6622,#MISSING
19914,#MISSING
40744,careerbuilder
11121,careerbuilder
17491,linkedin
30458,careerbuilder
42016,careerbuilder
42041,monster
17439,careerbuilder
11163,careerbuilder
35054,careerbuilder
35765,#MISSING
37298,internal referral
4886,careerbuilder
15437,monster
15673,monster
30501,monster
36400,monster
3528,monster
31014,monster
12211,monster
21750,careerbuilder
38156,linkedin
37431,careerbuilder
34582,careerbuilder
36834,careerbuilder
538,careerbuilder
39175,monster
13397,careerbuilder
9534,company event
24289,company event
10618,company event
31306,careerbuilder
23320,monster
1350,careerbuilder
21670,careerbuilder
7408,careerbuilder
24310,linkedin
37834,internal referral
6211,linkedin
28817,#MISSING
5259,#MISSING
24876,careerbuilder
31260,#MISSING
7938,careerbuilder
33669,other online
28680,monster
21931,monster
31767,monster
44326,monster
16730,#MISSING
14652,careerbuilder
6998,#MISSING
11474,#MISSING
20881,careerbuilder
1768,careerbuilder
12611,#MISSING
42664,careerbuilder
42881,careerbuilder
22789,careerbuilder
18217,linkedin
37331,monster
8829,#MISSING
38723,careerbuilder
27002,company event
21590,linkedin
10667,careerbuilder
19125,internal referral
32364,#MISSING
11725,#MISSING
39787,#MISSING
36319,monster
36986,internal referral
26914,linkedin
22820,linkedin
25034,#MISSING
8220,careerbuilder
1933,#MISSING
174,careerbuilder
31950,monster
7838,careerbuilder
33577,#MISSING
20875,linkedin
34986,careerbuilder
31823,careerbuilder
35530,careerbuilder
556,company event
28395,careerbuilder
851,company event
5263,company event
35086,monster
35588,careerbuilder
27393,#MISSING
9887,#MISSING
28994,#MISSING
33429,careerbuilder
23221,#MISSING
11828,careerbuilder
41775,monster
16899,#MISSING
40845,careerbuilder
39696,careerbuilder
22624,careerbuilder
26647,internal referral
27806,company event
19942,linkedin
26721,careerbuilder
3920,#MISSING
41812,#MISSING
2503,monster
5633,careerbuilder
18047,company event
8929,careerbuilder
31873,#MISSING
17836,careerbuilder
18452,monster
40824,#MISSING
19516,careerbuilder
41703,careerbuilder
40766,careerbuilder
24744,#MISSING
18582,monster
18846,#MISSING
21527,monster
10815,monster
8653,careerbuilder
15449,linkedin
2853,careerbuilder
22053,careerbuilder
1086,#MISSING
16024,#MISSING
2811,careerbuilder
24290,other online
155,internal referral
12019,#MISSING
3043,#MISSING
38968,company event
33478,careerbuilder
34117,careerbuilder
25498,#MISSING
10373,monster
13413,careerbuilder
19517,careerbuilder
38690,careerbuilder
20608,#MISSING
20883,linkedin
1934,linkedin
31026,careerbuilder
2452,careerbuilder
32504,careerbuilder
31923,careerbuilder
19035,linkedin
27681,company event
10922,monster
44497,linkedin
4324,company event
11101,careerbuilder
25435,#MISSING
30289,monster
5270,monster
33525,#MISSING
28977,careerbuilder
8302,company event
18146,#MISSING
4105,careerbuilder
9592,linkedin
5662,#MISSING
12758,#MISSING
10149,careerbuilder
18063,careerbuilder
24420,monster
36116,linkedin
7682,internal referral
13086,careerbuilder
35821,#MISSING
744,monster
25602,careerbuilder
15910,careerbuilder
40891,monster
10396,careerbuilder
11888,#MISSING
16891,careerbuilder
22493,linkedin
41111,careerbuilder
24017,#MISSING
35156,careerbuilder
32316,careerbuilder
3443,#MISSING
28203,monster
5740,monster
28268,linkedin
39088,linkedin
30137,careerbuilder
18206,linkedin
36444,#MISSING
4148,#MISSING
2634,careerbuilder
41286,#MISSING
39159,monster
20525,careerbuilder
37985,#MISSING
32402,other online
17392,linkedin
20157,monster
43522,#MISSING
2725,careerbuilder
39945,company event
35445,linkedin
42405,careerbuilder
43882,careerbuilder
40511,company event
32698,#MISSING
34391,internal referral
34319,linkedin
4236,careerbuilder
7410,#MISSING
38,#MISSING
24682,careerbuilder
9166,internal referral
40300,linkedin
21789,linkedin
17630,#MISSING
34254,#MISSING
18061,#MISSING
29919,careerbuilder
31349,#MISSING
16747,careerbuilder
3214,internal referral
2816,careerbuilder
292,careerbuilder
39578,company event
29896,careerbuilder
34383,#MISSING
14920,careerbuilder
43485,careerbuilder
19070,#MISSING
44254,careerbuilder
28206,#MISSING
3998,careerbuilder
29405,#MISSING
23485,careerbuilder
2414,#MISSING
12624,monster
13045,#MISSING
22788,#MISSING
31400,careerbuilder
28396,#MISSING
33569,monster
43300,linkedin
27273,linkedin
33100,careerbuilder
26079,company event
14853,monster
13496,monster
31252,careerbuilder
7277,#MISSING
19766,monster
33587,company event
31285,careerbuilder
33312,#MISSING
4913,linkedin
19778,#MISSING
5528,careerbuilder
35809,internal referral
13564,careerbuilder
9332,monster
33932,#MISSING
35499,careerbuilder
4234,monster
114,#MISSING
934,company event
38182,careerbuilder
44149,careerbuilder
9224,careerbuilder
35945,careerbuilder
38144,company event
42835,monster
37141,careerbuilder
36636,company event
128,careerbuilder
24433,#MISSING
22867,careerbuilder
27017,careerbuilder
22936,careerbuilder
23616,linkedin
12694,careerbuilder
27494,internal referral
24550,monster
23935,#MISSING
37144,monster
24490,monster
24438,careerbuilder
28732,careerbuilder
42117,#MISSING
4546,careerbuilder
15158,#MISSING
18185,careerbuilder
22429,careerbuilder
10195,#MISSING
8690,monster
42371,linkedin
1630,careerbuilder
24430,monster
11151,careerbuilder
29673,monster
22481,careerbuilder
37618,internal referral
14284,#MISSING
433,careerbuilder
43096,careerbuilder
39695,careerbuilder
27011,internal referral
11678,linkedin
8808,careerbuilder
10679,monster
42940,company event
35459,#MISSING
9448,internal referral
8899,monster
7027,careerbuilder
42655,careerbuilder
8790,careerbuilder
35716,#MISSING
19486,#MISSING
14091,careerbuilder
42500,careerbuilder
26346,linkedin
435,careerbuilder
8908,careerbuilder
5389,monster
28169,company event
42045,linkedin
23999,monster
43492,#MISSING
27573,#MISSING
16392,linkedin
32105,monster
42647,linkedin
37776,monster
29442,monster
28683,monster
29592,careerbuilder
10000,monster
23312,linkedin
31584,careerbuilder
18529,careerbuilder
22295,careerbuilder
16534,#MISSING
2742,company event
3579,#MISSING
23872,careerbuilder
40873,company event
44087,monster
27890,careerbuilder
4765,careerbuilder
39682,careerbuilder
22440,careerbuilder
39967,linkedin
20550,#MISSING
12294,#MISSING
9395,#MISSING
16777,#MISSING
15167,monster
6506,careerbuilder
27677,monster
19324,careerbuilder
5285,careerbuilder
3449,linkedin
811,monster
23986,careerbuilder
9330,linkedin
25019,careerbuilder
37220,monster
28792,careerbuilder
11216,monster
14507,linkedin
18689,careerbuilder
12774,company event
33216,careerbuilder
2694,careerbuilder
24425,#MISSING
20277,#MISSING
11370,careerbuilder
21091,company event
7683,careerbuilder
33214,careerbuilder
10364,linkedin
38940,#MISSING
18142,careerbuilder
3948,monster
954,careerbuilder
8054,#MISSING
28902,careerbuilder
17369,linkedin
23287,careerbuilder
14156,careerbuilder
1200,careerbuilder
16231,linkedin
3353,internal referral
25313,careerbuilder
20635,internal referral
36801,careerbuilder
8469,#MISSING
41186,internal referral
6463,company event
39966,careerbuilder
29437,#MISSING
21925,monster
3936,monster
36165,monster
17594,#MISSING
8284,careerbuilder
31694,monster
39191,other online
21673,monster
43761,careerbuilder
33041,#MISSING
41433,linkedin
25578,careerbuilder
11182,careerbuilder
13598,company event
41832,internal referral
9214,monster
39325,careerbuilder
10785,#MISSING
43884,#MISSING
16132,#MISSING
826,other online
14057,linkedin
7298,careerbuilder
34868,company event
25450,company event
16560,#MISSING
34217,careerbuilder
18002,careerbuilder
4891,company event
32696,linkedin
26802,monster
23375,monster
23443,careerbuilder
189,careerbuilder
14387,linkedin
42269,careerbuilder
8444,#MISSING
26793,#MISSING
43185,monster
12338,careerbuilder
28988,linkedin
27928,company event
23037,monster
14315,careerbuilder
9909,careerbuilder
30718,careerbuilder
18781,glassdoor
43558,monster
21244,#MISSING
34064,monster
7810,careerbuilder
24974,careerbuilder
9058,company event
43894,careerbuilder
22923,glassdoor
37077,monster
30550,linkedin
15146,careerbuilder
13735,linkedin
9639,careerbuilder
17578,careerbuilder
42486,glassdoor
3328,monster
24517,careerbuilder
12264,#MISSING
29778,monster
34630,careerbuilder
20361,linkedin
22584,monster
32817,monster
5458,internal referral
6828,careerbuilder
23418,monster
2868,careerbuilder
22377,careerbuilder
9959,careerbuilder
26231,careerbuilder
2427,careerbuilder
29294,#MISSING
23586,careerbuilder
44053,#MISSING
2350,monster
4001,#MISSING
1322,careerbuilder
41994,#MISSING
36670,careerbuilder
539,linkedin
44587,glassdoor
34305,monster
9949,monster
24319,careerbuilder
19775,careerbuilder
13789,monster
27259,careerbuilder
5346,#MISSING
5945,careerbuilder
524,monster
12645,company event
13967,linkedin
44176,careerbuilder
41288,#MISSING
43108,linkedin
11974,company event
18973,glassdoor
43843,#MISSING
13640,careerbuilder
26435,careerbuilder
10941,glassdoor
8281,careerbuilder
25122,monster
10907,#MISSING
27352,careerbuilder
6678,other online
34805,#MISSING
1030,careerbuilder
15928,careerbuilder
15942,linkedin
21618,monster
12585,careerbuilder
10614,monster
38828,careerbuilder
5614,careerbuilder
27742,careerbuilder
21704,#MISSING
1463,careerbuilder
21695,careerbuilder
20136,glassdoor
7217,glassdoor
2533,#MISSING
35325,careerbuilder
42120,careerbuilder
29240,other online
29134,glassdoor
24713,careerbuilder
10695,careerbuilder
24543,#MISSING
19394,careerbuilder
39902,#MISSING
31494,#MISSING
20616,careerbuilder
4315,glassdoor
7929,careerbuilder
17540,careerbuilder
43069,#MISSING
37406,careerbuilder
7056,glassdoor
30989,careerbuilder
38340,careerbuilder
23841,#MISSING
32141,company event
35860,monster
26675,careerbuilder
2733,linkedin
27705,careerbuilder
22745,#MISSING
43217,linkedin
33128,careerbuilder
42195,careerbuilder
42991,monster
36651,monster
44838,careerbuilder
6084,careerbuilder
4632,careerbuilder
38099,careerbuilder
29863,glassdoor
9699,#MISSING
1197,#MISSING
9503,#MISSING
44483,linkedin
32143,#MISSING
31059,careerbuilder
39954,linkedin
7910,careerbuilder
16308,company event
20329,#MISSING
13228,careerbuilder
22816,glassdoor
37471,internal referral
34047,linkedin
44699,internal referral
40353,glassdoor
15500,glassdoor
5893,internal referral
21492,#MISSING
3838,monster
21183,glassdoor
30179,careerbuilder
4087,glassdoor
33484,company event
6717,glassdoor
4266,linkedin
38546,careerbuilder
19465,monster
37658,monster
19460,careerbuilder
23748,monster
37206,company event
26830,glassdoor
26805,#MISSING
18255,#MISSING
30009,glassdoor
7617,careerbuilder
2128,linkedin
25004,monster
8889,#MISSING
2959,glassdoor
31027,linkedin
14729,monster
11387,#MISSING
43134,careerbuilder
31753,company event
41883,monster
17113,#MISSING
2737,careerbuilder
40874,#MISSING
36226,monster
12372,#MISSING
25794,careerbuilder
3587,linkedin
24726,#MISSING
2598,monster
11982,glassdoor
39420,careerbuilder
6846,careerbuilder
40808,careerbuilder
18286,monster
5453,linkedin
25597,linkedin
35950,#MISSING
14663,careerbuilder
32443,careerbuilder
27294,glassdoor
18687,careerbuilder
22830,monster
44090,#MISSING
43065,careerbuilder
7023,careerbuilder
4057,monster
23172,careerbuilder
12668,monster
10862,careerbuilder
24497,monster
7856,glassdoor
10057,#MISSING
14285,glassdoor
30353,#MISSING
34895,company event
9354,glassdoor
34563,careerbuilder
43754,monster
6531,linkedin
4550,careerbuilder
18224,careerbuilder
9258,#MISSING
40110,careerbuilder
10790,internal referral
35951,#MISSING
42653,linkedin
22918,careerbuilder
21649,careerbuilder
10566,careerbuilder
13433,careerbuilder
24332,careerbuilder
7439,linkedin
18249,glassdoor
17537,linkedin
7010,monster
18672,careerbuilder
32894,linkedin
10542,careerbuilder
9659,linkedin
33604,careerbuilder
38015,#MISSING
5216,monster
36589,#MISSING
20975,internal referral
6377,careerbuilder
10164,#MISSING
41911,careerbuilder
2812,monster
20214,#MISSING
42972,internal referral
37645,internal referral
19541,internal referral
414,glassdoor
9294,company event
11353,glassdoor
21534,internal referral
656,glassdoor
1875,glassdoor
44529,#MISSING
32513,glassdoor
31490,glassdoor
40914,monster
22456,careerbuilder
20595,linkedin
38079,linkedin
10136,careerbuilder
17370,monster
31593,careerbuilder
31775,glassdoor
20604,company event
9374,careerbuilder
120,glassdoor
23885,glassdoor
44003,careerbuilder
25111,monster
29899,#MISSING
32021,#MISSING
21842,linkedin
17522,#MISSING
3724,careerbuilder
15281,glassdoor
40685,careerbuilder
34965,careerbuilder
18369,monster
14158,careerbuilder
6021,#MISSING
16311,glassdoor
21817,#MISSING
1770,glassdoor
31916,careerbuilder
21838,linkedin
3323,careerbuilder
41353,#MISSING
10851,internal referral
10064,company event
33191,monster
27534,#MISSING
34113,careerbuilder
20237,monster
32586,linkedin
24321,#MISSING
14397,glassdoor
43227,#MISSING
9486,monster
19239,#MISSING
25586,#MISSING
18667,glassdoor
32509,careerbuilder
33871,careerbuilder
27100,#MISSING
3242,glassdoor
18021,linkedin
6522,#MISSING
8413,linkedin
41082,linkedin
28559,careerbuilder
23294,careerbuilder
13597,careerbuilder
12061,glassdoor
28291,company event
36639,glassdoor
22462,careerbuilder
41060,#MISSING
41783,careerbuilder
24604,careerbuilder
5972,company event
30855,internal referral
10141,monster
26631,glassdoor
26385,careerbuilder
36501,glassdoor
27091,linkedin
26890,careerbuilder
14268,careerbuilder
9973,monster
2426,monster
7664,careerbuilder
27018,careerbuilder
25377,glassdoor
16346,#MISSING
6959,#MISSING
13144,#MISSING
24489,careerbuilder
13799,glassdoor
38707,company event
21419,#MISSING
7232,monster
6266,careerbuilder
26351,#MISSING
41645,glassdoor
34870,internal referral
38876,#MISSING
22243,careerbuilder
5978,glassdoor
33113,#MISSING
22294,monster
22654,glassdoor
6228,internal referral
32980,careerbuilder
24952,monster
12947,careerbuilder
34949,glassdoor
34142,careerbuilder
30542,careerbuilder
9761,company event
35962,careerbuilder
8611,careerbuilder
10750,careerbuilder
16174,linkedin
42429,monster
26273,glassdoor
9024,careerbuilder
31007,careerbuilder
34273,monster
21286,careerbuilder
30577,#MISSING
32867,monster
44168,linkedin
42776,careerbuilder
13502,monster
4472,#MISSING
7373,linkedin
37243,careerbuilder
3113,monster
19556,monster
31924,monster
43358,glassdoor
3350,#MISSING
41995,#MISSING
21279,glassdoor
9076,monster
17995,careerbuilder
6051,monster
1383,monster
32335,glassdoor
19289,indeed
2053,glassdoor
11077,monster
17915,glassdoor
43765,#MISSING
30490,#MISSING
36449,#MISSING
36832,#MISSING
39618,#MISSING
3994,#MISSING
29717,careerbuilder
20942,careerbuilder
5896,careerbuilder
13995,careerbuilder
13568,careerbuilder
11945,glassdoor
9694,indeed
43359,careerbuilder
44777,linkedin
38519,careerbuilder
2333,careerbuilder
43269,careerbuilder
1012,#MISSING
11035,monster
18316,careerbuilder
17559,careerbuilder
27889,careerbuilder
3122,careerbuilder
10946,#MISSING
39059,#MISSING
33269,glassdoor
13006,careerbuilder
34910,#MISSING
39986,careerbuilder
21543,indeed
15100,careerbuilder
34078,careerbuilder
14553,indeed
38143,careerbuilder
21443,monster
5780,careerbuilder
18285,careerbuilder
22736,careerbuilder
26660,careerbuilder
27637,glassdoor
8972,careerbuilder
44743,careerbuilder
15318,monster
32454,indeed
43983,#MISSING
23067,indeed
29348,monster
6771,careerbuilder
39689,monster
4302,careerbuilder
2756,careerbuilder
6094,careerbuilder
42424,indeed
25743,careerbuilder
42492,careerbuilder
34905,monster
13320,linkedin
43077,#MISSING
13838,#MISSING
42923,indeed
21401,monster
11243,monster
20306,internal referral
30323,indeed
39184,indeed
1672,careerbuilder
17325,glassdoor
13565,linkedin
21161,monster
17629,careerbuilder
19570,company event
44750,careerbuilder
5147,#MISSING
1862,#MISSING
9355,internal referral
1001,linkedin
44493,careerbuilder
3351,glassdoor
30917,indeed
25015,indeed
11006,monster
33221,linkedin
30648,indeed
6447,careerbuilder
16573,monster
5472,#MISSING
37317,careerbuilder
42563,#MISSING
16803,indeed
22069,careerbuilder
11168,careerbuilder
37585,monster
30263,linkedin
13194,company event
12905,careerbuilder
9748,careerbuilder
39730,indeed
12509,linkedin
17306,glassdoor
1515,company event
11354,#MISSING
31777,glassdoor
8883,glassdoor
20426,indeed
22500,linkedin
17708,#MISSING
12983,indeed
12332,indeed
25064,indeed
30005,indeed
20744,indeed
16942,company event
43783,company event
41574,company event
37665,monster
44005,careerbuilder
36845,careerbuilder
8919,glassdoor
7904,careerbuilder
39915,indeed
9901,#MISSING
30899,indeed
16794,internal referral
40904,careerbuilder
25398,careerbuilder
10934,indeed
40189,indeed
5723,company event
44524,indeed
28715,indeed
24269,#MISSING
12148,indeed
30274,indeed
39481,careerbuilder
34763,indeed
15592,careerbuilder
5275,indeed
18424,company event
13018,careerbuilder
1872,careerbuilder
16212,indeed
3474,careerbuilder
28840,indeed
17346,careerbuilder
17066,indeed
20243,indeed
21829,#MISSING
31087,company event
42063,careerbuilder
15721,glassdoor
20762,linkedin
25730,glassdoor
19017,linkedin
30082,company event
6839,monster
19531,careerbuilder
26185,monster
43435,indeed
8076,indeed
14780,glassdoor
13283,indeed
26946,#MISSING
19038,monster
12235,company event
2735,#MISSING
25566,internal referral
10766,indeed
39842,company event
33229,careerbuilder
35752,monster
12960,glassdoor
3633,monster
38189,company event
2524,monster
19795,glassdoor
42603,indeed
35209,indeed
20650,ziprecruiter
20806,#MISSING
26639,indeed
38365,indeed
33291,careerbuilder
14708,company event
42909,monster
33933,monster
39478,glassdoor
14601,monster
43375,#MISSING
19390,#MISSING
7648,#MISSING
2116,careerbuilder
27772,monster
19774,careerbuilder
2475,linkedin
44882,glassdoor
32095,linkedin
37582,glassdoor
28975,careerbuilder
12302,careerbuilder
11939,careerbuilder
24889,careerbuilder
9817,#MISSING
3869,glassdoor
10644,company event
25796,indeed
37417,#MISSING
1670,careerbuilder
5871,indeed
17305,indeed
42441,#MISSING
35830,indeed
41393,#MISSING
3415,careerbuilder
18310,ziprecruiter
37497,internal referral
2172,careerbuilder
32539,indeed
41070,careerbuilder
34344,company event
14037,careerbuilder
28155,glassdoor
29841,ziprecruiter
32984,careerbuilder
42967,monster
33997,indeed
1218,glassdoor
42027,ziprecruiter
7992,careerbuilder
29720,linkedin
8890,careerbuilder
33424,indeed
41427,indeed
41991,ziprecruiter
11799,glassdoor
42037,linkedin
14063,linkedin
13674,linkedin
33151,careerbuilder
8612,other online
8613,careerbuilder
17009,linkedin
25511,indeed
8362,#MISSING
44591,careerbuilder
1287,careerbuilder
2510,indeed
38282,monster
23870,#MISSING
610,ziprecruiter
39176,monster
21873,company event
39079,careerbuilder
3060,linkedin
18853,ziprecruiter
23439,#MISSING
4394,company event
24961,careerbuilder
44004,careerbuilder
37387,ziprecruiter
26122,linkedin
41916,ziprecruiter
20008,#MISSING
43916,careerbuilder
2182,indeed
11913,indeed
17222,careerbuilder
37920,indeed
21430,#MISSING
11883,glassdoor
35137,monster
43800,glassdoor
36602,careerbuilder
12379,ziprecruiter
16441,ziprecruiter
26782,careerbuilder
3039,indeed
43033,glassdoor
42924,indeed
3283,indeed
32905,careerbuilder
3402,indeed
37320,indeed
14408,careerbuilder
11445,#MISSING
17307,monster
4904,indeed
21202,indeed
16955,careerbuilder
14986,linkedin
41884,glassdoor
30532,#MISSING
40804,company event
33512,linkedin
2103,indeed
27200,monster
22793,#MISSING
23761,indeed
8799,monster
8637,#MISSING
44798,careerbuilder
1809,linkedin
9550,careerbuilder
11902,careerbuilder
14247,#MISSING
18915,indeed
7139,indeed
34489,#MISSING
12756,glassdoor
5391,indeed
24297,indeed
28006,careerbuilder
18207,careerbuilder
12454,careerbuilder
32292,glassdoor
20763,indeed
37289,#MISSING
33727,#MISSING
32950,careerbuilder
44754,monster
21981,careerbuilder
40872,#MISSING
42708,indeed
31665,careerbuilder
21638,glassdoor
16770,ziprecruiter
16474,linkedin
18194,ziprecruiter
32423,linkedin
10557,indeed
41636,indeed
39910,linkedin
26954,glassdoor
16498,monster
31670,indeed
31504,glassdoor
36806,#MISSING
5745,company event
19330,careerbuilder
25909,careerbuilder
16945,indeed
14504,#MISSING
31019,ziprecruiter
11149,indeed
3125,#MISSING
38467,careerbuilder
41719,other online
20208,indeed
16417,monster
39671,glassdoor
31221,careerbuilder
5901,ziprecruiter
32460,careerbuilder
29929,glassdoor
19646,glassdoor
6129,ziprecruiter
23565,glassdoor
30196,indeed
22283,indeed
25455,indeed
4817,monster
592,ziprecruiter
1860,linkedin
35851,monster
14823,linkedin
36481,careerbuilder
12243,#MISSING
44091,company event
1474,monster
20634,careerbuilder
44674,careerbuilder
25621,careerbuilder
20789,monster
38587,careerbuilder
42103,glassdoor
12449,indeed
30563,careerbuilder
5532,company event
28411,careerbuilder
14626,indeed
17942,careerbuilder
19929,company event
18592,#MISSING
15331,monster
3545,monster
40515,monster
17869,monster
41176,linkedin
10868,#MISSING
33936,indeed
10821,linkedin
44389,careerbuilder
15899,careerbuilder
2493,careerbuilder
15291,monster
19534,glassdoor
34353,monster
3112,ziprecruiter
33777,monster
28775,careerbuilder
32208,glassdoor
13591,monster
2283,careerbuilder
8288,careerbuilder
15714,careerbuilder
3483,glassdoor
42351,careerbuilder
37375,monster
16285,ziprecruiter
6231,#MISSING
28365,careerbuilder
22062,indeed
34703,indeed
30445,indeed
35785,#MISSING
536,monster
24033,indeed
15402,careerbuilder
37091,company event
39206,#MISSING
2235,#MISSING
16688,#MISSING
21720,linkedin
6414,careerbuilder
5985,monster
28098,careerbuilder
25275,#MISSING
41220,indeed
40833,monster
8059,glassdoor
2674,careerbuilder
42831,indeed
2630,indeed
41813,indeed
22594,#MISSING
31109,other online
5320,ziprecruiter
13178,careerbuilder
7063,monster
16382,careerbuilder
38390,monster
119,#MISSING
44704,careerbuilder
6617,indeed
19631,glassdoor
11906,careerbuilder
2540,#MISSING
17148,indeed
17967,linkedin
31064,careerbuilder
14755,monster
29774,careerbuilder
5563,monster
29730,indeed
29805,monster
19280,glassdoor
8396,monster
32787,#MISSING
20598,indeed
8969,glassdoor
40343,ziprecruiter
5494,careerbuilder
14564,#MISSING
35677,careerbuilder
10558,internal referral
8459,glassdoor
38387,indeed
38160,company event
23,careerbuilder
5942,ziprecruiter
4548,ziprecruiter
1804,careerbuilder
3938,careerbuilder
37607,#MISSING
33529,indeed
2528,indeed
22720,glassdoor
26964,monster
33491,glassdoor
18400,indeed
8602,indeed
42878,monster
15123,#MISSING
19176,internal referral
31429,monster
34557,careerbuilder
19470,linkedin
41455,#MISSING
22616,ziprecruiter
39612,monster
24943,careerbuilder
17437,#MISSING
3582,careerbuilder
9724,indeed
23931,careerbuilder
27260,careerbuilder
27261,indeed
24053,careerbuilder
8658,ziprecruiter
21609,monster
13791,#MISSING
44314,careerbuilder
36279,monster
33234,glassdoor
6544,linkedin
11818,ziprecruiter
39526,careerbuilder
17189,monster
26739,other online
22608,#MISSING
31243,indeed
4996,glassdoor
18770,ziprecruiter
8192,monster
14882,glassdoor
39461,careerbuilder
36129,indeed
11510,glassdoor
22827,indeed
787,internal referral
36973,linkedin
39028,linkedin
5079,#MISSING
115,ziprecruiter
3510,monster
15960,careerbuilder
43067,company event
42580,ziprecruiter
30467,monster
9121,other online
19860,monster
19132,ziprecruiter
39389,glassdoor
39729,glassdoor
36391,glassdoor
24914,indeed
40012,careerbuilder
34789,indeed
39880,linkedin
35847,careerbuilder
22094,careerbuilder
15768,careerbuilder
25150,indeed
31553,monster
10783,monster
6495,ziprecruiter
5934,careerbuilder
20617,ziprecruiter
36579,indeed
37622,#MISSING
27343,#MISSING
40048,careerbuilder
10101,indeed
5692,indeed
16355,indeed
2788,internal referral
16637,#MISSING
9813,glassdoor
40559,careerbuilder
10248,linkedin
20347,careerbuilder
12304,internal referral
11733,careerbuilder
31845,monster
35913,ziprecruiter
21094,indeed
33464,monster
14948,indeed
3042,company event
31278,indeed
3814,indeed
39919,#MISSING
16838,internal referral
10692,#MISSING
5380,#MISSING
22839,careerbuilder
24492,#MISSING
904,ziprecruiter
9781,glassdoor
9,glassdoor
14373,careerbuilder
14427,indeed
333,indeed
24972,careerbuilder
32731,indeed
6703,careerbuilder
42595,#MISSING
1912,#MISSING
21558,careerbuilder
23123,careerbuilder
44410,indeed
15604,#MISSING
28731,careerbuilder
23560,linkedin
10935,careerbuilder
32661,#MISSING
16343,#MISSING
43849,monster
42168,indeed
11491,ziprecruiter
3905,glassdoor
6209,careerbuilder
3419,#MISSING
37684,glassdoor
1002,company event
37731,monster
10571,indeed
42666,careerbuilder
26494,internal referral
12005,other online
33606,careerbuilder
6396,glassdoor
22485,indeed
17579,careerbuilder
15126,indeed
20416,indeed
15904,glassdoor
15410,careerbuilder
12591,monster
15217,careerbuilder
38612,glassdoor
10105,careerbuilder
41999,#MISSING
24371,linkedin
7218,internal referral
3150,monster
25820,monster
12125,indeed
21916,glassdoor
17852,indeed
27419,indeed
24938,careerbuilder
41864,linkedin
2389,careerbuilder
44417,linkedin
27922,careerbuilder
11268,careerbuilder
12938,indeed
18524,indeed
34632,glassdoor
9226,careerbuilder
13063,glassdoor
23284,ziprecruiter
32004,glassdoor
7033,indeed
26292,ziprecruiter
26606,linkedin
16858,ziprecruiter
23508,careerbuilder
18609,#MISSING
9126,indeed
14299,indeed
27853,ziprecruiter
13275,indeed
40773,careerbuilder
20377,monster
17865,monster
28412,careerbuilder
25553,glassdoor
11082,indeed
28153,internal referral
16974,careerbuilder
2019,linkedin
34422,indeed
20599,indeed
39229,#MISSING
25649,glassdoor
39665,ziprecruiter
38886,careerbuilder
1741,#MISSING
9910,careerbuilder
18479,careerbuilder
36844,indeed
34037,glassdoor
30422,careerbuilder
38141,careerbuilder
44644,careerbuilder
38554,indeed
12164,indeed
32681,#MISSING
40082,careerbuilder
43354,indeed
20466,glassdoor
34323,careerbuilder
10386,ziprecruiter
2488,ziprecruiter
13305,careerbuilder
36739,glassdoor
14064,glassdoor
6779,glassdoor
13361,ziprecruiter
40481,monster
17687,glassdoor
38779,indeed
41756,careerbuilder
18342,careerbuilder
32959,company event
11426,careerbuilder
28980,indeed
12221,careerbuilder
29504,#MISSING
4911,linkedin
39378,ziprecruiter
21663,monster
29714,monster
41797,glassdoor
18757,glassdoor
6749,company event
39221,#MISSING
41976,indeed
36513,linkedin
8686,ziprecruiter
10140,ziprecruiter
28376,careerbuilder
29066,#MISSING
20482,glassdoor
41105,company event
23537,linkedin
20199,careerbuilder
16327,careerbuilder
3377,careerbuilder
9647,#MISSING
5696,indeed
11552,careerbuilder
15414,monster
27116,careerbuilder
16525,glassdoor
11488,ziprecruiter
21073,glassdoor
22256,#MISSING
24698,glassdoor
37785,recruitersonline
22510,indeed
38410,#MISSING
22663,#MISSING
38397,careerbuilder
25928,indeed
41064,glassdoor
26748,careerbuilder
44848,glassdoor
19433,linkedin
35667,indeed
25999,careerbuilder
13993,monster
24714,careerbuilder
35088,#MISSING
8139,glassdoor
30985,indeed
30833,careerbuilder
31579,monster
31208,indeed
16689,glassdoor
25279,careerbuilder
27001,careerbuilder
41470,careerbuilder
21047,glassdoor
27925,careerbuilder
7760,indeed
27422,recruitersonline
22042,indeed
16556,ziprecruiter
30294,recruitersonline
5255,monster
43476,recruitersonline
40594,#MISSING
43877,glassdoor
9665,careerbuilder
3329,careerbuilder
14187,careerbuilder
1156,#MISSING
5273,#MISSING
5518,glassdoor
29482,linkedin
8067,indeed
27549,careerbuilder
39260,#MISSING
40339,company event
4170,ziprecruiter
41089,#MISSING
37692,indeed
9825,linkedin
29003,#MISSING
34761,careerbuilder
21179,indeed
26471,linkedin
41524,internal referral
16957,careerbuilder
40151,indeed
33196,careerbuilder
6204,monster
3420,ziprecruiter
13282,indeed
44145,glassdoor
15518,careerbuilder
35048,indeed
10211,indeed
17398,indeed
40113,glassdoor
31868,careerbuilder
18431,careerbuilder
9433,careerbuilder
26407,internal referral
19913,company event
95,careerbuilder
24150,monster
35755,#MISSING
9891,indeed
39363,monster
20135,careerbuilder
3104,glassdoor
11044,careerbuilder
19326,recruitersonline
14489,careerbuilder
37954,indeed
38896,careerbuilder
36152,indeed
12657,glassdoor
15468,indeed
37397,indeed
25319,glassdoor
27953,recruitersonline
38867,careerbuilder
28905,#MISSING
1866,monster
27505,#MISSING
38984,indeed
15650,linkedin
11174,recruitersonline
10214,internal referral
29543,indeed
10507,linkedin
38552,ziprecruiter
16625,indeed
42390,careerbuilder
7954,indeed
7833,linkedin
37296,indeed
27624,linkedin
34939,#MISSING
10842,monster
26975,careerbuilder
5894,ziprecruiter
11809,linkedin
25087,#MISSING
44092,careerbuilder
35900,monster
18579,monster
30856,glassdoor
38626,careerbuilder
30559,careerbuilder
44742,careerbuilder
36816,careerbuilder
8565,careerbuilder
6857,monster
41349,other online
27287,linkedin
4941,#MISSING
39732,#MISSING
4658,indeed
13943,ziprecruiter
35427,glassdoor
29867,linkedin
31669,indeed
409,indeed
36943,indeed
2251,ziprecruiter
2834,careerbuilder
14332,careerbuilder
33401,monster
10374,internal referral
43313,#MISSING
25147,company event
14724,monster
12802,company event
26089,indeed
19032,indeed
42131,careerbuilder
31735,careerbuilder
25320,careerbuilder
16797,glassdoor
1608,glassdoor
19131,#MISSING
43570,recruitersonline
44377,careerbuilder
24797,monster
25641,indeed
7724,ziprecruiter
44716,recruitersonline
5022,internal referral
3901,careerbuilder
43735,#MISSING
8753,monster
6216,ziprecruiter
39495,glassdoor
26919,ziprecruiter
3478,monster
40519,recruitersonline
22542,ziprecruiter
23706,linkedin
17897,indeed
26587,glassdoor
24322,indeed
2799,linkedin
5213,indeed
39694,monster
8143,recruitersonline
35318,indeed
11439,monster
22281,glassdoor
3846,ziprecruiter
23257,indeed
40050,internal referral
36822,careerbuilder
22390,careerbuilder
36966,recruitersonline
39450,recruitersonline
17238,indeed
7614,internal referral
5382,indeed
1428,careerbuilder
21282,monster
12405,monster
32157,#MISSING
33397,#MISSING
37636,careerbuilder
34414,recruitersonline
15853,ziprecruiter
22445,monster
5491,#MISSING
28822,indeed
13749,linkedin
28783,indeed
9105,ziprecruiter
31655,monster
21249,recruitersonline
528,careerbuilder
26281,linkedin
32396,ziprecruiter
37668,careerbuilder
30816,linkedin
11053,careerbuilder
44655,recruitersonline
17465,recruitersonline
6985,recruitersonline
17112,linkedin
34967,careerbuilder
35797,careerbuilder
24375,indeed
40329,recruitersonline
33692,#MISSING
8920,careerbuilder
11229,glassdoor
11173,ziprecruiter
26141,careerbuilder
27353,recruitersonline
12888,linkedin
25894,company event
11282,glassdoor
23468,glassdoor
16998,glassdoor
25283,glassdoor
2541,careerbuilder
19095,#MISSING
13971,recruitersonline
20326,#MISSING
25196,ziprecruiter
4432,careerbuilder
22797,#MISSING
25806,careerbuilder
29017,company event
4951,indeed
1667,linkedin
38069,ziprecruiter
26021,linkedin
2839,glassdoor
28979,careerbuilder
43390,ziprecruiter
17375,careerbuilder
10609,#MISSING
43258,ziprecruiter
17684,ziprecruiter
9522,indeed
17728,glassdoor
24261,indeed
37898,monster
33664,company event
19264,glassdoor
11734,#MISSING
22204,indeed
21687,indeed
19918,indeed
30821,glassdoor
4728,careerbuilder
8882,#MISSING
6663,recruitersonline
13953,glassdoor
14352,indeed
23467,indeed
36947,ziprecruiter
19506,monster
8229,careerbuilder
44604,indeed
1991,careerbuilder
2392,glassdoor
40526,indeed
19741,careerbuilder
3439,linkedin
35154,monster
8365,company event
2041,careerbuilder
26408,careerbuilder
23325,careerbuilder
37606,glassdoor
32389,recruitersonline
3878,indeed
40513,monster
25012,indeed
26320,careerbuilder
7246,monster
5926,careerbuilder
21263,indeed
13543,careerbuilder
16708,careerbuilder
43,careerbuilder
34343,recruitersonline
33427,indeed
3493,#MISSING
833,careerbuilder
32522,glassdoor
19160,linkedin
41161,ziprecruiter
17636,indeed
21346,linkedin
28385,careerbuilder
34079,careerbuilder
1724,#MISSING
2000,monster
27530,indeed
9963,monster
12466,linkedin
22064,indeed
10977,careerbuilder
33047,recruitersonline
24487,careerbuilder
13135,careerbuilder
19487,ziprecruiter
24743,#MISSING
34010,careerbuilder
42877,indeed
21904,indeed
38738,careerbuilder
16152,#MISSING
28862,dice
30657,monster
18937,careerbuilder
16675,linkedin
35184,indeed
20495,monster
23102,monster
27345,ziprecruiter
44012,careerbuilder
15945,ziprecruiter
39668,monster
6413,dice
16679,glassdoor
2750,careerbuilder
39197,indeed
18836,ziprecruiter
15470,company event
43005,dice
34983,monster
32806,company event
24181,careerbuilder
2230,careerbuilder
16144,glassdoor
9950,recruitersonline
37846,#MISSING
20780,ziprecruiter
2262,recruitersonline
38222,careerbuilder
31662,internal referral
25544,glassdoor
44293,careerbuilder
24641,internal referral
19691,indeed
7474,linkedin
24374,#MISSING
11358,careerbuilder
43352,#MISSING
10659,glassdoor
4438,recruitersonline
16771,ziprecruiter
30992,#MISSING
41505,careerbuilder
5445,careerbuilder
4964,internal referral
25903,recruitersonline
36766,careerbuilder
26425,#MISSING
32719,careerbuilder
32737,indeed
29895,company event
2185,dice
41887,#MISSING
41468,monster
30298,monster
19924,dice
42734,monster
42374,internal referral
15433,#MISSING
8309,recruitersonline
25058,dice
23382,indeed
16727,dice
14634,ziprecruiter
28573,#MISSING
29831,indeed
27557,dice
9633,careerbuilder
36571,indeed
16171,careerbuilder
13605,monster
37483,internal referral
13023,ziprecruiter
20736,careerbuilder
41449,indeed
34461,dice
4855,linkedin
34894,indeed
5329,careerbuilder
7983,#MISSING
37627,indeed
43992,careerbuilder
8,careerbuilder
15013,careerbuilder
22724,ziprecruiter
11505,dice
20748,linkedin
40162,indeed
32088,glassdoor
39869,careerbuilder
16814,dice
34027,recruitersonline
36944,#MISSING
15827,dice
21323,linkedin
39994,#MISSING
6890,recruitersonline
36320,dice
40095,ziprecruiter
42191,dice
19728,internal referral
29036,careerbuilder
32949,careerbuilder
35382,indeed
23670,glassdoor
1335,#MISSING
3749,glassdoor
1095,dice
13234,linkedin
35910,linkedin
10384,careerbuilder
11801,linkedin
13871,company event
7249,careerbuilder
38555,dice
33971,dice
26465,#MISSING
18225,#MISSING
12286,indeed
38198,dice
40484,recruitersonline
20577,company event
37221,indeed
17041,careerbuilder
16191,dice
4300,#MISSING
33561,careerbuilder
32718,indeed
18898,glassdoor
5291,monster
190,dice
44061,careerbuilder
42986,dice
36972,indeed
866,dice
43403,careerbuilder
10670,ziprecruiter
10275,careerbuilder
1650,careerbuilder
44652,#MISSING
14714,indeed
41223,dice
42502,other online
1590,monster
949,company event
31519,indeed
38504,dice
5531,#MISSING
40174,careerbuilder
38130,recruitersonline
35006,indeed
21218,indeed
18777,monster
19677,monster
14192,#MISSING
19928,company event
26501,linkedin
40624,internal referral
43169,internal referral
40928,company event
36752,glassdoor
30491,careerbuilder
6505,indeed
477,monster
380,#MISSING
6107,monster
42344,careerbuilder
23038,glassdoor
966,indeed
10963,glassdoor
41639,careerbuilder
33112,recruitersonline
41866,dice
38217,dice
33998,careerbuilder
2823,ziprecruiter
1848,careerbuilder
3455,dice
9420,#MISSING
21762,careerbuilder
42412,ziprecruiter
23919,glassdoor
36005,dice
18771,indeed
4107,#MISSING
37340,indeed
20668,glassdoor
37061,#MISSING
3424,careerbuilder
38663,monster
27328,indeed
26251,linkedin
44841,company event
40488,indeed
30893,company event
17121,indeed
43379,recruitersonline
43464,careerbuilder
28791,indeed
8742,careerbuilder
1642,indeed
16611,recruitersonline
19859,#MISSING
8662,monster
30184,careerbuilder
18800,ziprecruiter
31779,internal referral
5694,#MISSING
17412,indeed
35228,dice
5137,ziprecruiter
12671,linkedin
7536,ziprecruiter
8014,dice
24948,monster
5483,indeed
34055,indeed
22509,dice
35031,dice
8841,#MISSING
23727,monster
16459,ziprecruiter
38409,indeed
5358,dice
30707,linkedin
42383,internal referral
10301,recruitersonline
7093,careerbuilder
51,internal referral
14383,careerbuilder
20672,glassdoor
40034,ziprecruiter
39435,glassdoor
7037,indeed
41459,recruitersonline
34796,indeed
39804,#MISSING
25056,#MISSING
23228,#MISSING
25536,dice
16989,glassdoor
2469,indeed
18048,dice
13473,indeed
26051,careerbuilder
487,dice
553,dice
30620,internal referral
32279,indeed
24299,monster
13137,dice
24115,ziprecruiter
13974,indeed
17586,glassdoor
25630,careerbuilder
7766,#MISSING
38646,monster
27106,glassdoor
4228,glassdoor
34902,dice
1677,indeed
43639,dice
32200,#MISSING
30921,indeed
13057,company event
9478,indeed
34770,careerbuilder
39072,glassdoor
192,monster
32002,#MISSING
18056,indeed
14740,#MISSING
33313,linkedin
19020,indeed
754,#MISSING
36573,careerbuilder
44179,glassdoor
38381,careerbuilder
17757,glassdoor
25302,#MISSING
26832,glassdoor
35254,careerbuilder
31566,indeed
11761,glassdoor
22432,indeed
25361,glassdoor
3501,glassdoor
21844,indeed
43389,careerbuilder
20825,glassdoor
2776,careerbuilder
13692,glassdoor
28230,indeed
43852,indeed
33738,indeed
32495,dice
12055,careerbuilder
40211,ziprecruiter
3335,glassdoor
38354,dice
53,#MISSING
37864,linkedin
27007,indeed
14076,ziprecruiter
25120,careerbuilder
43984,indeed
18193,#MISSING
15159,indeed
35144,dice
9077,#MISSING
43452,glassdoor
11051,dice
3787,indeed
6673,glassdoor
36303,indeed
2677,#MISSING
7891,glassdoor
14619,indeed
2974,indeed
8588,glassdoor
13928,recruitersonline
39231,monster
25451,glassdoor
12486,monster
16547,careerbuilder
20319,careerbuilder
11842,indeed
15754,#MISSING
6948,#MISSING
35387,monster
19912,glassdoor
21330,linkedin
42560,careerbuilder
19306,careerbuilder
44452,dice
15164,indeed
15632,#MISSING
35165,monster
22968,indeed
41604,indeed
39460,#MISSING
14813,#MISSING
21152,glassdoor
33065,internal referral
3852,indeed
5571,indeed
3171,#MISSING
7767,recruitersonline
44424,dice
39081,careerbuilder
11461,#MISSING
28758,indeed
10264,careerbuilder
16562,linkedin
16897,dice
26952,indeed
17269,recruitersonline
37936,careerbuilder
9234,careerbuilder
42780,careerbuilder
31197,#MISSING
13050,dice
12736,careerbuilder
8804,indeed
20827,ziprecruiter
27344,careerbuilder
8062,linkedin
29887,careerbuilder
12580,recruitersonline
24351,dice
19915,careerbuilder
30448,recruitersonline
3530,dice
36093,internal referral
40794,careerbuilder
13858,ziprecruiter
22473,glassdoor
10657,dice
4803,glassdoor
22614,careerbuilder
4585,ziprecruiter
10093,glassdoor
20462,ziprecruiter
38580,monster
2089,#MISSING
40502,careerbuilder
22672,#MISSING
1817,linkedin
29032,indeed
24911,#MISSING
38228,ziprecruiter
41201,indeed
9670,careerbuilder
31539,dice
32989,#MISSING
6489,careerbuilder
25364,indeed
32303,indeed
36017,indeed
13633,linkedin
4046,careerbuilder
17048,dice
29065,glassdoor
29041,careerbuilder
357,dice
23141,careerbuilder
35992,dice
42869,#MISSING
37491,dice
5909,recruitersonline
7905,monster
29409,monster
24404,glassdoor
3192,glassdoor
28580,dice
3684,indeed
8824,dice
41381,indeed
42789,linkedin
19308,indeed
35666,glassdoor
41460,careerbuilder
38301,#MISSING
27375,dice
35109,careerbuilder
22011,dice
43143,careerbuilder
32641,careerbuilder
28298,dice
19247,dice
36135,careerbuilder
25303,careerbuilder
40391,indeed
26913,glassdoor
19079,monster
25471,indeed
10762,ziprecruiter
17980,recruitersonline
35604,indeed
32401,company event
8988,indeed
11506,ziprecruiter
8056,indeed
42851,internal referral
34257,glassdoor
17274,indeed
35492,ziprecruiter
25051,internal referral
20472,glassdoor
1562,monster
30729,careerbuilder
4995,careerbuilder
1692,monster
16274,company event
19663,careerbuilder
2936,careerbuilder
14409,careerbuilder
30156,careerbuilder
44408,dice
41657,monster
12748,glassdoor
44054,company event
2091,careerbuilder
16748,dice
21730,monster
6886,careerbuilder
28667,careerbuilder
21002,ziprecruiter
1783,#MISSING
30110,linkedin
6208,careerbuilder
36028,careerbuilder
10098,indeed
44461,glassdoor
24199,#MISSING
12098,glassdoor
35699,dice
32611,dice
23756,careerbuilder
43374,glassdoor
23380,dice
15624,careerbuilder
10706,monster
31444,indeed
42337,linkedin
33382,dice
23801,indeed
11175,internal referral
4879,linkedin
14508,ziprecruiter
19276,glassdoor
6196,indeed
23472,careerbuilder
3916,company event
26052,monster
15277,recruitersonline
40644,linkedin
19569,glassdoor
3092,careerbuilder
31410,careerbuilder
27434,careerbuilder
43957,glassdoor
11492,glassdoor
1545,careerbuilder
39550,glassdoor
41850,careerbuilder
44803,indeed
17988,#MISSING
34469,indeed
43686,indeed
3578,careerbuilder
18237,ziprecruiter
27128,careerbuilder
28041,indeed
17653,indeed
33609,ziprecruiter
38760,dice
23039,careerbuilder
6994,ziprecruiter
10430,glassdoor
10874,indeed
43487,indeed
24925,glassdoor
6340,#MISSING
6297,monster
12468,indeed
24367,dice
25237,linkedin
10415,monster
29973,glassdoor
15758,dice
22967,glassdoor
40105,#MISSING
38816,recruitersonline
2399,careerbuilder
20738,data not available
26689,#MISSING
32467,careerbuilder
11259,careerbuilder
43711,careerbuilder
8505,monster
33527,monster
42042,indeed
7768,monster
4303,recruitersonline
7751,linkedin
2482,#MISSING
34463,glassdoor
33193,glassdoor
39304,careerbuilder
29051,monster
4154,careerbuilder
18282,company event
13261,ziprecruiter
41830,indeed
9228,dice
36879,other online
14056,indeed
22843,careerbuilder
34625,ziprecruiter
24520,linkedin
28737,careerbuilder
4138,indeed
40398,indeed
8050,linkedin
11770,monster
40404,dice
25261,company event
30311,careerbuilder
34716,indeed
6860,recruitersonline
27081,glassdoor
5250,careerbuilder
1871,indeed
9415,monster
15620,dice
24185,#MISSING
9775,careerbuilder
43644,linkedin
21656,glassdoor
3773,monster
18227,careerbuilder
3657,recruitersonline
28533,indeed
32055,glassdoor
2384,ziprecruiter
37013,indeed
34558,indeed
26213,ziprecruiter
34269,careerbuilder
36188,linkedin
2724,monster
32566,ziprecruiter
22363,#MISSING
40430,dice
26427,careerbuilder
20698,indeed
3548,dice
22644,ziprecruiter
28305,dice
27956,linkedin
35372,careerbuilder
40478,dice
20216,glassdoor
25782,dice
3635,recruitersonline
1899,dice
7278,ziprecruiter
10179,linkedin
24429,indeed
10515,ziprecruiter
26643,glassdoor
39987,indeed
22417,monster
245,indeed
4530,internal referral
10855,indeed
12546,careerbuilder
22199,#MISSING
4371,#MISSING
4181,linkedin
2248,careerbuilder
33230,careerbuilder
2447,careerbuilder
1029,monster
13341,careerbuilder
17591,careerbuilder
15745,linkedin
8713,dice
30668,#MISSING
44606,careerbuilder
34871,ziprecruiter
30581,indeed
36684,careerbuilder
35763,glassdoor
3466,glassdoor
42356,indeed
5500,careerbuilder
34616,#MISSING
9952,careerbuilder
10503,careerbuilder
43360,indeed
14304,dice
1472,monster
29194,dice
20254,indeed
3076,glassdoor
3743,careerbuilder
6566,careerbuilder
7418,monster
41857,ziprecruiter
16446,linkedin
33812,linkedin
11776,careerbuilder
5293,dice
17201,glassdoor
43147,careerbuilder
18261,#MISSING
43922,monster
32884,indeed
10329,careerbuilder
6794,careerbuilder
11514,glassdoor
14673,dice
15202,indeed
39074,glassdoor
35076,indeed
44894,dice
1473,#MISSING
3521,#MISSING
1106,other online
1007,dice
35016,ziprecruiter
16222,recruitersonline
10225,indeed
36503,careerbuilder
23327,careerbuilder
8644,ziprecruiter
23498,#MISSING
19133,careerbuilder
4224,glassdoor
27159,internal referral
34997,dice
18546,glassdoor
34349,#MISSING
28134,careerbuilder
36992,linkedin
43324,indeed
19748,careerbuilder
31902,glassdoor
14605,#MISSING
26925,careerbuilder
24908,ziprecruiter
7711,careerbuilder
33103,careerbuilder
868,glassdoor
13515,recruitersonline
11176,careerbuilder
29705,#MISSING
21575,ziprecruiter
38411,monster
13264,careerbuilder
3892,#MISSING
43844,dice
26754,glassdoor
44906,indeed
35439,#MISSING
15157,careerbuilder
9616,glassdoor
43470,dice
35709,ziprecruiter
4145,careerbuilder
3542,#MISSING
23638,indeed
41320,careerbuilder
32708,#MISSING
312,dice
37591,careerbuilder
41275,careerbuilder
17631,#MISSING
43135,#MISSING
30987,#MISSING
3541,linkedin
10162,indeed
21696,indeed
41736,careerbuilder
30772,glassdoor
37131,careerbuilder
31380,indeed
1765,careerbuilder
7431,dice
44903,#MISSING
8579,indeed
30217,indeed
4840,careerbuilder
9511,glassdoor
35102,recruitersonline
5064,glassdoor
19164,indeed
2280,company event
21297,recruitersonline
33574,dice
18272,#MISSING
33733,careerbuilder
18711,monster
13149,#MISSING
25083,careerbuilder
33293,dice
33582,careerbuilder
31718,indeed
36779,dice
35509,dice
533,#MISSING
37126,recruitersonline
17118,ziprecruiter
13026,indeed
32523,#MISSING
25653,#MISSING
2712,#MISSING
3108,careerbuilder
12507,careerbuilder
26595,linkedin
